word,weight
aahh,-3.0
aamiin,2.0
ab,3.0
aba,2.0
aba-aba,-3.0
abadi,4.0
abah,3.0
abai,-3.0
abaikan,-2.0
abar-abar,-5.0
abg,-2.0
abi,2.0
abid,3.0
abis,-0.5
abnormalitas,-4.0
abolisi,-3.0
abon,-4.0
aborsi,-3.0
absen,-3.0
abses,-4.0
absorpsi,1.0
absurd,0.5
abu,0.5
abu-abu,-2.0
abuk,-3.0
abur,-5.0
acak,-5.0
acak-acakan,-5.0
acau,-4.0
aco-acoan,-5.0
acoan,-5.0
acu,-4.0
ada,0.5
adab,3.0
adakala,3.0
adang,-3.0
adaptasi,2.0
addict,-3.0
adegan,-4.0
adek,0.0
adi,2.0
adika,5.0
adiktif,-4.0
adil,0.5
adiluhung,3.0
adimarga,-4.0
administrator,3.0
adon,-4.0
adu,-3.0
aduh,-1.0
aduhai,4.0
aduk,-3.0
adzan,3.0
afair,3.0
afdal,3.0
afeksi,0.0
afiliasi,-1.0
afirmasi,3.0
agam,5.0
agama,-3.0
agar,-3.0
agen,-3.0
ahad,3.0
ahmak,-3.0
aib,-2.0
aiku,-5.0
ain,-5.0
air,-1.0
aja,1.0
ajak,1.0
ajakan,-1.0
ajal,-0.5
ajang,-3.0
ajar,-1.0
aji,0.5
ajojing,3.0
aju,-3.0
ajudan,4.0
ajuk,-5.0
akar,-0.5
akas,0.0
akhlak,4.0
akibat,-1.0
akidah,0.0
akik,-3.0
akil,4.0
akomodasi,3.0
akrab,3.0
akreditasi,-3.0
aksa,-4.0
akses,2.0
aksi,2.0
aksioma,-3.0
aktif,-0.5
aktivasi,2.0
aktual,4.0
aku,0.5
akuan,0.0
akumah,-3.0
akunya,-1.0
akut,-5.0
alah,-4.0
alahan,-3.0
alai-belai,-3.0
alaikum,2.0
alam,0.5
alami,-3.0
alamiah,-0.5
alangkah,1.0
alay,-4.0
album,0.5
albumnya,-2.0
alergi,-3.0
alhamdulilah,3.0
alhamdulillah,5.0
aliansi,-1.5
alim,2.0
alkisah,-4.0
alku,-5.0
allah,5.0
alobar,-4.0
alone,-3.0
alot,1.0
alpa,-3.0
alur,-4.0
amah,-5.0
amal,4.0
amalan,4.0
amanah,5.0
amandel,-5.0
amarah,-5.0
amat,4.0
amatin,-2.0
ambai,-5.0
ambalan,-4.0
ambau,-5.0
ambigu,-3.0
ambiguitas,-5.0
ambil,-5.0
ambilan,3.0
ambisi,4.0
amblas,-3.0
ambles,-4.0
ambruk,-5.0
amburadul,-5.0
amerta,3.0
ametis,-4.0
amin,0.0
amit,-4.0
amor,-1.0
amoral,-3.0
ampai,-4.0
ampas,-3.0
ampel,-3.0
ampela,-5.0
amplop,3.0
ampu,-5.0
ampun,-1.0
ampuni,-2.0
amtenar,-3.0
amuk,-2.0
ana,-0.5
anak,-3.0
anak-anakan,-3.0
anakan,5.0
analisis,4.0
analitis,-4.0
anarki,-4.0
ancai,-5.0
ancam,-4.0
ancaman,-4.0
anda,-2.5
andai,2.0
andal,2.0
andeka,-3.0
andil,4.0
andini,2.0
andur,3.0
aneh,0.0
aneka,3.0
anekdot,-1.0
angan,3.0
angan-angan,4.0
anggai,-3.0
anggapan,3.0
anggar,3.0
anggara,-4.0
anggota,-3.0
angguk,1.0
anggur,-4.0
angguran,-4.0
angit,-5.0
angkat,3.0
angkatan,-5.0
angkot,-1.0
angkup,-3.0
angkut,1.0
anglo,-4.0
angpau,4.0
angsur,1.0
aniaya,-4.0
animo,4.0
anjak,-3.0
anjay,-3.0
anjeng,-5.0
anjer,-3.0
anjg,-5.0
anjing,-4.0
anjir,-1.0
anjis,-1.0
anjlok,-4.0
anjung,4.0
anjungan,-3.0
anjur,-2.0
anjuran,-2.0
anom,-4.0
ansar,4.0
antagonisme,-4.0
antap,-5.0
antek,-3.0
antem,-4.0
anteng,4.0
anti,-2.0
antipati,-0.5
antisipasi,1.0
antitesis,-3.0
antologi,1.0
antuk,-4.0
antun,-3.0
antusias,-0.5
antusiasme,3.0
anu,-3.0
anugerah,1.0
anut,-0.5
anyar,4.0
anyir,-4.0
apa,-3.0
apaan,-4.0
apalah,-2.0
apanya,-3.0
aparat,-3.0
aparatus,-3.0
apas,1.0
apasi,-3.0
apasih,-4.0
apatis,-2.0
apek,-4.0
apes,-5.0
api,1.0
api-api,-4.0
apit,-3.0
apiun,-3.0
apkir,-4.0
apkiran,-4.0
aplikasi,-4.0
arabika,2.0
arah,-1.5
arahan,-3.0
arak,2.0
aram,-3.0
arbitrer,-5.0
arca,-3.0
argumen,-4.0
arif,4.0
arik,-3.0
arketipe,3.0
armada,-5.0
arsip,-5.0
arsitektur,2.0
arti,1.0
artian,3.0
artifisial,3.0
artikel,-4.0
artis,2.0
artistik,1.0
aru,-5.0
aru-aru,-4.0
arung,1.0
asa,0.5
asah,-3.0
asak,-3.0
asal-asalan,-5.0
asam,-2.0
asasi,0.0
asfal,-5.0
asid,-5.0
asih,1.0
asik,4.0
asket,2.0
asketisme,2.0
asli,2.0
asmara,-1.0
asoi,3.0
asor,-5.0
asosiasi,-0.5
aspek,-3.0
aspiran,-5.0
asrama,3.0
asri,0.5
assalamualaikum,3.0
astaga,-0.5
astagfirullah,-0.5
astagfirulloh,-4.0
astaghfirullah,-3.0
asuh,0.5
asumsi,-3.0
asusila,-5.0
aswad,-4.0
atas,-4.0
atasan,3.0
atensi,2.0
ati,-1.0
atom,3.0
atraktif,1.0
atresia,-3.0
atribut,-3.0
atuh,-1.0
atur,0.0
atut,-2.0
aur,-3.0
aurat,-2.0
aus,-5.0
auta,-4.0
autentik,3.0
awa-,-3.0
awal,0.0
awas,0.5
awat,5.0
awet,4.0
awi,-3.0
awur,-4.0
awut,-4.0
awut-awutan,-5.0
aya,3.0
ayahanda,1.0
ayal,-3.0
ayat,-4.0
ayo,4.0
ayun,-1.0
ayunan,0.0
azab,-5.0
azamat,4.0
azimat,-1.5
aziz,2.0
bab,-4.0
babak,-4.0
babar,-1.0
babaran,3.0
babe,3.0
babi,-4.0
babil,-4.0
bablas,-5.0
babu,-5.0
baby,2.0
baca,1.0
bacok,-4.0
bacot,-0.5
bad,-4.0
badai,-4.0
badan,-3.0
badmood,-4.0
badung,-4.0
bagak,5.0
bagal,-3.0
bagas,5.0
bagi,-1.0
bagian,-4.0
baginda,-0.5
bagus,-1.0
bagusan,2.0
bah,-3.0
bahadur,5.0
bahaduri,4.0
bahagia,1.5
bahala,-3.0
bahan,-3.0
bahas,2.0
bahasa,-4.0
bahasan,1.0
bahaya,-5.0
bahlul,-5.0
bahtera,-3.0
baiat,-3.0
baik,1.0
baik-baik,1.0
baiklah,2.0
baiknya,1.0
bain,0.5
bait,-3.0
bajak,-4.0
bajik,4.0
bajing,-2.0
baju,2.0
bakar,-1.0
bakat,1.5
bakh,4.0
bakir,4.0
baksis,2.0
baktau,-5.0
bakti,4.0
baku,-1.0
bala,-5.0
balai,-3.0
balairung,-3.0
balas,-1.0
balasan,3.0
balela,-4.0
bales,-3.0
balesnya,-2.0
balik,-3.0
balkon,-3.0
balung,-4.0
balur,-4.0
bambu,-3.0
bambung,-3.0
banal,-3.0
banat,-4.0
bancang,-5.0
banci,-5.0
bandang,-4.0
bandar,-4.0
bandel,-5.0
banding,0.0
bandit,-5.0
bando,-4.0
bandung,-1.0
bangan,-0.5
bangang,-3.0
bangbung,-4.0
banget,1.0
bangett,-2.0
bangga,3.0
bangkai,-4.0
bangkang,-4.0
bangkit,-1.0
bangkot,-4.0
bangkrut,-5.0
bangle,-4.0
bangsal,-3.0
bangsat,-5.0
bangsawan,-0.5
banjir,0.0
bantah,-3.0
bantah-bantah,5.0
bantai,-5.0
bantalan,3.0
bantar,-4.0
banteng,-3.0
bantet,-3.0
banting,-1.0
bantu,-0.5
bantuin,3.0
banyak,0.0
banyaknya,3.0
banyol,-3.0
banyolan,3.0
bapa,3.0
bapanda,3.0
bapang,3.0
baper,-1.5
baperan,-4.0
bapet,-4.0
bara,-0.5
barbar,-5.0
bareng,0.0
baret,-3.0
baring,2.0
barkas,-5.0
barua,-5.0
barut,-3.0
barzakh,-4.0
basi,-5.0
baskom,-4.0
basmi,-5.0
bastar,-2.0
batal,-5.0
batalion,-5.0
batang,-4.0
batas,-3.0
batasan,3.0
batel,-4.0
baterai,-3.0
batil,-4.0
batu,0.0
batuk,-4.0
batuk-batuk,-4.0
batung-batung,-4.0
bau,-4.0
bausuku,3.0
bawa,-1.0
bawaan,3.0
bawain,-3.0
bawel,-4.0
baya,-4.0
bayang,2.0
bayang-bayang,3.0
bayangan,3.0
bayangkara,3.0
bayar,-1.0
bayi,-3.0
bayu,-4.0
bebal,-3.0
beban,-5.0
bebas,-4.0
bebat,-3.0
bebel,-5.0
beber,0.5
bebodoran,2.0
becak,-5.0
becek,-4.0
becus,-1.5
beda,-2.0
bedah,0.0
bedegap,0.5
bedegong,-4.0
bedel,-4.0
bedeng,-3.0
bedol,-4.0
begadang,-3.0
begah,-2.0
begak,-3.0
begal,-5.0
begana-begini,-4.0
begini,-1.0
beginian,-3.0
begu,-4.0
beguk,-4.0
begundal,-3.0
bejat,-5.0
bekal,3.0
bekap,-3.0
bekas,0.5
bekicot,-4.0
belagu,4.0
belah,-5.0
belai,-4.0
belaian,-3.0
belain,-2.0
belajar,3.0
belaka,-1.0
belam,-3.0
belang,-5.0
belanja,-0.5
belas,-0.5
belati,-4.0
belembang,-5.0
belendung,-3.0
belenggu,-3.0
beleter,-4.0
beli,-0.5
belia,-2.0
beliin,-1.0
belikan,-1.0
beling,-1.0
belingsat,-4.0
belinjo,-3.0
belis,-4.0
belit,-3.0
beloh,-5.0
belok,3.0
belom,0.0
beloon,-3.0
belot,-5.0
belu-belai,-4.0
belukar,3.0
belulang,-3.0
benar,-1.0
benar-benar,2.0
bencana,-5.0
bencat,-5.0
benci,-0.5
bencong,-5.0
bendel,-5.0
bendera,-3.0
benderang,-3.0
bendoro,-4.0
bendu,-4.0
bendung,-3.0
bener,1.0
beneran,3.0
bengal,-4.0
bengap,-3.0
bengis,-5.0
bengkak,-4.0
bengkerap,-4.0
bengkok,-4.0
bengok,-4.0
benguk,-2.0
bening,-4.0
benjut,-4.0
bentak,-5.0
bentakan,-5.0
bentan,-4.0
bentang,-1.0
bentrok,-5.0
bentuk,4.0
bentukan,3.0
bentul,-3.0
bentur,1.0
benyot,-4.0
beol,-5.0
bepergian,1.0
beperkara,-4.0
berada,4.0
beradu,-4.0
beraduk,-3.0
beragam,-3.0
berahi,0.0
berair,-1.0
berak,-4.0
berakal,4.0
berakar,-0.5
berakhlak,-4.0
berakibat,3.0
berakidah,4.0
beralas,4.0
beralasan,-4.0
beralaskan,-4.0
beralih,-3.0
berambu-rambu,-4.0
beramuk,-4.0
beramuk-amukan,-4.0
beranak,3.0
beranak-pinak,2.0
beranang,-3.0
beranda,-1.0
berandalan,-5.0
berang,-5.0
berangai,-5.0
berangan,-3.0
berangkal,-3.0
berangkat,-4.0
berangsang,-5.0
berangsur,-3.0
beranjak,-3.0
berantak,-4.0
berantakan,-5.0
berantara,-3.0
berantem,-4.0
berapat-rapat,-3.0
berapit,-4.0
beraras,4.0
berarti,1.0
berasa,-2.0
berasak,-3.0
berasal,-3.0
berasimilasi,-3.0
beraturan,4.0
berawan,-3.0
berbabil,-4.0
berbagai,3.0
berbagi,2.0
berbahagia,1.5
berbahaya,-4.0
berbakat,1.5
berbakti,-3.0
berbalik,-5.0
berbanding,-3.0
berbantah,-5.0
berbantahan,-3.0
berbayar,-3.0
berbecak-becak,-3.0
berbeda,-4.0
berbelit-belit,-4.0
berbenak,3.0
berbentuk,3.0
berbenturan,-4.0
berbetulan,3.0
berbiak,-3.0
berbicara,-3.0
berbisa,-5.0
berbobot,2.0
berbohong,-4.0
berbondong-bondong,-3.0
berbuah,2.0
berbunga,3.0
berburu,-3.0
berburuk,-4.0
berbusana,4.0
bercahaya,4.0
bercak,-5.0
bercakar-cakaran,-4.0
bercanda,-4.0
bercaran,-4.0
bercat,-3.0
bercedera,-4.0
bercekak,-3.0
bercekcok,-4.0
bercekit,-4.0
bercelah,-3.0
berceloteh,-4.0
bercempera,-5.0
bercengkerama,-2.0
bercerai-berai,-5.0
bercermin,4.0
bercikun-cikun,-5.0
bercintaan,-3.0
bercokol,-0.5
bercorak,-3.0
bercucuran,-5.0
bercumbu,-4.0
bercumbu-cumbu,-3.0
bercumbuan,-3.0
bercura,-4.0
berdagang,3.0
berdakwa,-4.0
berdalih,-4.0
berdampingan,-3.0
berdandan,4.0
berdansa,-0.5
berdarah,4.0
berdasarkan,-4.0
berdaulat,-3.0
berdaya,3.0
berdebat,-5.0
berdedikasi,-3.0
berdekatan,-4.0
berdekus,-3.0
berdendang,4.0
berdengung,-3.0
berdengus,-3.0
berdenyut,-0.5
berderajat,4.0
berderum,-4.0
berdesakan,-3.0
berdesir,-2.0
berdiam,0.5
berdikit-dikit,-3.0
berdisiplin,4.0
berdoa,0.5
berdompol,-4.0
berdosa,-4.0
berdua,1.0
berduaan,-3.0
berduit,4.0
berduka,-5.0
berdusta,-4.0
berduyun-duyun,-3.0
beredak,-5.0
beredar,2.0
beregu,-3.0
berembuk,3.0
berengsaan,-4.0
berengsek,-5.0
berenti,-3.0
berfaedah,4.0
bergabung,-4.0
bergadang,-4.0
bergaduh,-5.0
bergairah,0.0
bergajul,-5.0
bergamat,4.0
bergamit,-3.0
berganda,-3.0
berganduh,-3.0
berganggang,-3.0
bergantung,4.0
bergas,1.5
bergaul,-3.0
bergaung,-3.0
bergejolak,-3.0
bergelanggang,-0.5
bergelegak,-3.0
bergelora,0.0
bergelut,-4.0
bergema,-1.5
bergemam,-3.0
bergembung,-3.0
bergeming,1.0
bergemuruh,-3.0
bergengsi,4.0
bergerombol,-4.0
bergesek,-3.0
bergesel,-3.0
bergeser,-4.0
bergetar,-1.0
bergigi,3.0
bergolak,-5.0
bergolongan,4.0
bergontok,-4.0
bergosok,-3.0
bergosokan,-3.0
bergoyah,-4.0
berguam,-4.0
berguguran,-3.0
bergulat,-4.0
bergulir,-3.0
bergumam,-3.0
bergumul,-4.0
berguna,5.0
berguncang,-5.0
bergundang,-5.0
bergurau,-4.0
berguru,3.0
berguyub,-3.0
berhajat,2.0
berhala,-4.0
berhamburan,-5.0
berhandai-handai,-3.0
berhantaran,-5.0
berhanyut,-4.0
berharap,0.5
berharga,3.0
berharta,4.0
berhasil,3.0
berhasrat,3.0
berhati-hati,0.5
berhelat,-4.0
berhikmah,2.0
berhimpun,-4.0
berhujah,-4.0
beri,0.0
beribadat,0.5
berikhtiar,3.0
beriktikad,2.0
berilmu,4.0
beriman,3.0
berimbas,3.0
berimbuh,1.0
beringas,-4.0
beringat,-3.0
beringsut,-3.0
berirama,4.0
beristirahat,0.5
berita,-4.0
berjaga-jaga,1.0
berjarak,-4.0
berjasa,4.0
berjatuhan,-1.0
berjaya,4.0
berjejak,-3.0
berjejal,-3.0
berjejal-jejal,-3.0
berjejas,-5.0
berjenis-jenis,3.0
berjihad,0.0
berjilbab,3.0
berjiwa,3.0
berjubal,-3.0
berjunjungan,4.0
berkabung,-5.0
berkabut,-3.0
berkaca,4.0
berkah,4.0
berkait,3.0
berkaitan,3.0
berkandung,5.0
berkarat,-4.0
berkarut,-5.0
berkarya,3.0
berkasih-kasihan,-3.0
berkat,1.0
berkategori,4.0
berkawal,4.0
berkawan,-3.0
berkawanan,-4.0
berkeberatan,-4.0
berkecai,-5.0
berkecambah,3.0
berkecamuk,-4.0
berkecandan,-4.0
berkecenderungan,-3.0
berkecukupan,4.0
berkedudukan,4.0
berkegiatan,4.0
berkeinginan,3.0
berkejaran,-3.0
berkekuatan,5.0
berkelakar,-4.0
berkelir,-3.0
berkelok-kelok,-2.0
berkelompok-kelompok,-4.0
berkeluarga,-1.0
berkemal,-4.0
berkemam,-3.0
berkemandang,-3.0
berkemas-kemas,-2.0
berkemih,-3.0
berkenaan,4.0
berkenalan,-3.0
berkenan,2.0
berkepercayaan,4.0
berkeping-keping,-5.0
berkerak,-2.0
berkeras-kerasan,-4.0
berkerubung,-4.0
berkerumun,-4.0
berkerut,-2.0
berkesesuaian,3.0
berketar-ketar,-3.0
berketurunan,2.0
berkeyakinan,3.0
berkhasiat,4.0
berkhianat,-5.0
berkilah,-4.0
berkinte,3.0
berkisar,-3.0
berkobar-kobar,1.0
berkolusi,-5.0
berkomplot,-4.0
berkongkalikong,-4.0
berkonspirasi,-4.0
berkorban,-3.0
berkualitas,4.0
berkuasa,4.0
berkuat,-0.5
berkukuh,2.0
berkuliah,-4.0
berkumandang,-3.0
berkunjung,-4.0
berkupak,-3.0
berkurang,-3.0
berkurangan,-3.0
berkurap,-4.0
berlaba,4.0
berlabuh,-0.5
berlaga,-4.0
berlagak,4.0
berlagu,4.0
berlainan,-4.0
berlalu,-5.0
berlama-lama,-2.0
berlandaskan,-4.0
berlangau,-4.0
berlangganan,2.0
berlanggaran,-4.0
berlanglang,4.0
berlara-lara,-4.0
berlarasan,3.0
berlarat-larat,-4.0
berlarian,-5.0
berlatih,4.0
berlawanan,-4.0
berlebih,-1.0
berlebih-lebih,-4.0
berlelehan,-3.0
berlengkesa,-3.0
berlepasan,-3.0
berlevel,4.0
berlezat,2.0
berlibat,3.0
berlibat-libat,-4.0
berlik,-4.0
berliku-liku,-4.0
berlilit,3.0
berlimpah,1.0
berlinang,-3.0
berlipat,-3.0
berlompatan,-5.0
berlubang,-3.0
berluruhan,-3.0
berlutut,-2.0
bermacam-macam,3.0
bermain-main,-2.0
bermakna,4.0
bermanfaat,5.0
bermartabat,4.0
bermaslahat,2.0
bermesraan,-3.0
bermetamorfosis,-3.0
bermohon,0.5
bermoral,-4.0
bermotif,-3.0
bermukah,-4.0
bermukim,-1.0
bermula,-4.0
bermusuhan,-4.0
bermutu,1.0
bernafsu,3.0
bernama,4.0
bernapaskan,3.0
bernas,-0.5
bernilai,2.0
bernoda,-4.0
bernuansa,-3.0
bernyali,1.0
bernyanyi,2.0
berogak-ogak,-4.0
beroleh,3.0
berolok-olok,-4.0
berombongan,-4.0
berona,-3.0
berongga,-3.0
beroperasi,-1.5
berpacangan,3.0
berpacaran,0.0
berpada-pada,-3.0
berpadu,-3.0
berpakaian,4.0
berpalit-palit,-4.0
berpamor,3.0
berpandangan,1.0
berparade,1.0
berparak,-4.0
berpartai,-3.0
berpartisipasi,3.0
berpasangan,-3.0
berpasrah,0.5
berpasuk,-3.0
berpatokan,4.0
berpatroli,4.0
berpaut,3.0
berpedoman,4.0
berpegang,4.0
berpelajaran,4.0
berpembawaan,1.0
berpencar,-5.0
berpencaran,-3.0
berpendidikan,3.0
berpengalaman,1.5
berpengaruh,0.5
berpengetahuan,4.0
berperai-perai,-5.0
berperang,-0.5
berperingkat,4.0
berpijar,-3.0
berpilin,3.0
berpiuh,3.0
berpola,4.0
berpoleng,-3.0
berprakarsa,3.0
berprasangka,-1.0
berproses,-1.0
berpuak-puak,-4.0
berpuaka,-3.0
berpucuk,-4.0
berpulas,3.0
berpunya,4.0
berpura-pura,-4.0
berpusu,-3.0
berputar-putar,-4.0
berputra,3.0
bersaba,-3.0
bersagang,4.0
bersahabat,2.0
bersahaja,5.0
bersaji,4.0
bersalah,-4.0
bersalahan,-4.0
bersalin,3.0
bersama,3.0
bersamamu,3.0
bersambang,4.0
bersandarkan,-4.0
bersanding,-5.0
bersangga,4.0
bersanggama,1.5
bersanggit,-5.0
bersangkal,-5.0
bersangkut,-1.5
bersara,-3.0
bersatu,-1.0
bersauh,4.0
bersaur,3.0
bersayap,4.0
bersebaran,-5.0
bersebelahan,-4.0
berseberangan,-3.0
bersedia,-1.0
bersedih,-5.0
bersekolah,3.0
bersekongkol,-4.0
bersekutu,-5.0
berselang,-3.0
berselawat,0.0
berselingkuh,-5.0
berselisih,-5.0
berseloroh,-4.0
berseluk,3.0
bersemangat,1.5
bersemayam,0.5
bersembahyang,1.0
bersemi,3.0
bersempena,-3.0
bersempuras,-3.0
bersenandung,4.0
bersendel,4.0
bersendeng,4.0
bersender,4.0
bersendi,-4.0
bersendikan,-4.0
bersengaja,-2.0
bersengat,5.0
bersengketa,-4.0
berseni,4.0
bersentuh,-5.0
bersepai,-5.0
berserah,-1.0
berserakan,-5.0
berseri,4.0
berserikat,-3.0
bersesak-sesak,-3.0
bersesal,-1.5
bersesuaian,3.0
berseteru,-4.0
bersetuju,3.0
bersiap,1.0
bersikukuh,-1.5
bersila,-1.0
bersilih,-3.0
bersimbah,-3.0
bersimpati,4.0
bersimpuh,0.0
bersinar,4.0
bersinggungan,-3.0
bersipongang,-3.0
bersisalak,-4.0
bersitegang,0.0
bersiteguh,-1.5
bersokom,-4.0
berstatus,4.0
bersuka-suka,-3.0
bersuka-sukaan,-3.0
bersulur,3.0
bersumber,4.0
bersungguh-sungguh,1.5
bersungkawa,-3.0
bersurai,-3.0
bersusah,-5.0
bersusila,-4.0
bersyukur,5.0
bertabrakan,-4.0
bertaburan,-5.0
bertahan,0.0
bertaki,-3.0
bertakwa,4.0
bertala-tala,-3.0
bertalun-talun,-3.0
bertambah,-5.0
bertambatan,3.0
bertambun,-3.0
bertamu,-4.0
bertandang,-4.0
bertanding,-1.0
bertanduk,0.5
bertangkap,-3.0
bertanya,2.0
bertanya-tanya,0.5
bertapa,-3.0
bertapakkan,-4.0
bertara,-3.0
bertaraf,3.0
bertarak,-3.0
bertaruk,3.0
bertasyakur,-4.0
bertautan,-4.0
bertebaran,-5.0
berteduh,0.5
bertekak,-4.0
bertekan,1.0
bertekun,4.0
bertelanjang,-3.0
bertele-tele,-3.0
bertelimpuh,-3.0
bertelingkah,-4.0
berteman,-3.0
bertemperasan,-3.0
bertempiar,-3.0
bertemu,2.0
bertenaga,5.0
bertendensi,-3.0
bertenggang,3.0
bertengkar,-5.0
bertengkaran,-4.0
bertengking,-4.0
bertentangan,-4.0
bertepatan,3.0
berteraskan,-4.0
berterima,-3.0
bertetesan,-3.0
bertian,-3.0
bertikai,-5.0
bertimbal,-3.0
bertimbang,-3.0
bertimpa-timpa,-3.0
bertindak,-4.0
bertindik,-3.0
bertingkat,-1.5
bertingkuh,-4.0
bertinju,-4.0
bertitikan,-3.0
bertokok,-3.0
bertolak,-2.0
bertonggakkan,-4.0
bertransaksi,3.0
bertransformasi,-3.0
bertuah,-3.0
bertubrukan,-4.0
bertumbangan,-3.0
bertumbuk,-4.0
bertumbukan,-4.0
bertumpuk,0.0
bertunangan,-0.5
bertunas,0.5
bertundangan,3.0
bertunjangkan,-4.0
bertuntun,0.5
berugi,-5.0
berulah,-4.0
berumpun,-3.0
berumur,-2.0
beruntun,-3.0
beruntung,4.0
beruntutan,3.0
berupaya,3.0
berurine,-3.0
berus,-4.0
berusaha,0.0
berusuh,-5.0
berwarna,-3.0
berwibawa,3.0
berwujud,2.0
berziarah,-4.0
berzikir,0.5
berzina,-4.0
besar,1.0
besar-besaran,3.0
besit,-2.0
besot,-3.0
bestari,4.0
beta,-3.0
betapa,4.0
betas,-3.0
bete,-5.0
beterbangan,-0.5
beterjunan,-5.0
betina,-2.0
beton,-2.0
better,0.5
betul,-1.0
betung,-3.0
beud,-2.0
bhay,-3.0
biadab,-1.0
biak,-3.0
bianglala,4.0
biar,-1.0
biarawati,-3.0
biarin,-3.0
biarkan,-1.0
biarpun,-3.0
bias,-2.0
biasa,-1.0
biasin,-3.0
bicu,-3.0
bidah,-3.0
bidai,-4.0
bidas,-5.0
bidasan,3.0
bidik,-2.0
biduanda,5.0
bijak,-0.5
bijaksana,-1.5
bijih,0.0
bikinan,3.0
biksah,-5.0
bilas,1.0
bilhak,3.0
bilik,-3.0
bimbang,-5.0
bimbing,0.0
bimbingan,-3.0
binasa,-1.0
bincang,2.0
bineka,3.0
binen,3.0
bingit,-5.0
bingkis,4.0
bingkisan,4.0
bir,-5.0
birah,-3.0
birokrat,-3.0
birthday,4.0
bisain,-2.0
bisik,-2.0
bisikan,1.0
bismillah,4.0
bisnis,3.0
bison,-3.0
bisu,-1.0
bisul,-4.0
biut,-5.0
blangko,-3.0
blaster,-3.0
blobor,-3.0
block,-4.0
blokir,-3.0
bloon,-3.0
blur,-4.0
bobol,-4.0
bobot,-1.5
bobrok,-5.0
bobroq,-4.0
bocor,-4.0
bodo,-5.0
bodoamat,-4.0
bogem,-5.0
bogum,-3.0
bohong,-5.0
bokek,-5.0
bokep,-5.0
boker,-3.0
boksen,-5.0
boleh,2.0
bolehan,4.0
bolong,-3.0
bolos,-3.0
bolsak,-4.0
bom,0.0
bombastis,-0.5
bonafide,3.0
bondong,-4.0
bondot,-5.0
bongak,-5.0
bonggol,-4.0
bongkah,-2.0
bongkak,-3.0
bongkar,-3.0
bongkar-bangkir,-5.0
bongkong,-3.0
bongok,-3.0
bongsor,-2.0
bonus,0.5
bonyok,5.0
booking,2.0
boong,-4.0
bopong,-1.0
borak,-4.0
boro,-2.0
borok,-5.0
borong,0.5
boros,-5.0
bos,3.0
bosen,-4.0
bosman,-4.0
bosun,-4.0
bot,-2.0
boyak,-5.0
brengsek,-5.0
brokat,-4.0
broker,-3.0
bromocorah,-5.0
brutal,-5.0
bruto,-3.0
buah,-0.5
buaian,3.0
bual,-4.0
bualan,-4.0
buang,-3.0
buangan,-4.0
buari,-4.0
buas,-5.0
buat,1.0
buatan,3.0
bubuh,4.0
bubuk,-5.0
bucu,-3.0
budak,4.0
budek,-3.0
budiman,4.0
bufer,-3.0
bugar,4.0
buhuk,-4.0
bujang,4.0
bujukan,-3.0
buka,0.0
bukan,-3.0
bukannya,-3.0
bukat,-4.0
bukti,-3.0
bulan,-1.0
bulan-bulanan,-4.0
bulang,3.0
bulat,-3.0
buletin,-3.0
bulevar,-4.0
bully,-5.0
bulsak,-4.0
buluh,-3.0
bulus,-5.0
bumbu,5.0
bumbung,3.0
buncah,-5.0
buncit,-3.0
bunda,-1.0
bundak,-3.0
bundel,-5.0
bunduk,-3.0
bunga,0.0
bungkam,-1.5
bungkusan,4.0
bungsu,-3.0
buntang,-4.0
buntet,-2.0
bunting,-3.0
buntu,-3.0
buntung,-5.0
buntut,1.0
bunuh,-5.0
bunyi,0.5
burai,-5.0
buram,-3.0
buras,-4.0
buru,-1.0
buru-buru,-1.0
buruan,1.0
buruk,-5.0
busana,2.0
busuk,-5.0
busut,-4.0
buta,-3.0
butek,-3.0
butuh,-5.0
butut,-5.0
buyung,4.0
buyut,-3.0
bye,-3.0
caba,-4.0
cabar,-4.0
cabau,-3.0
cabe,-2.0
cabean,-3.0
cabik,-3.0
cabuh,-3.0
cabul,-5.0
cabut,-5.0
cacat,-5.0
cacatan,-5.0
cacau,-5.0
cacauan,-4.0
caci,-5.0
cacian,-5.0
cacing,-4.0
cadang,-1.5
cadangan,2.0
cadas,-3.0
cagaran,-3.0
cahari,-3.0
caing,-3.0
cair,-1.0
cakap,-1.0
cakep,2.0
cakus,-4.0
calar,-3.0
calit,-5.0
campak,-4.0
campakkan,-4.0
camping,-3.0
campur,5.0
canda,-3.0
candal,-5.0
candala,-5.0
candang,2.0
candrasa,3.0
candu,0.0
canggung,-4.0
cangkul,-4.0
cangkum,-3.0
cantik,-1.0
cantrik,0.0
cantum,4.0
capai,-0.5
capaian,4.0
capak,-4.0
cape,-4.0
capek,0.0
capit,-3.0
caplak,-4.0
caplok,0.0
care,2.0
cari,-3.0
cariin,-2.0
carik,-5.0
caruk,-4.0
carut,-5.0
cash,2.0
catak,-4.0
catu,4.0
catut,-3.0
cawis,2.0
cebak,3.0
cebik,-3.0
cebur,-5.0
cecap,-5.0
cecer,-3.0
ceceran,-3.0
cecunguk,-5.0
cedayam,0.0
cedera,-4.0
cedih,-3.0
cedok,3.0
cegah,0.0
cegak,-1.5
cegar,4.0
cegat,-3.0
cek,-4.0
cekah,-4.0
cekak,-3.0
cekang,-3.0
cekat,-1.0
cekatan,-0.5
cekau,-2.0
cekel,4.0
ceker,-3.0
cekluk,-4.0
cekok,-3.0
ceku,-5.0
cekuh,-3.0
cekung,-4.0
cela,-4.0
celaan,-5.0
celah,-3.0
celaka,-5.0
celampak,-3.0
celemotan,-4.0
celengan,3.0
celetuk,-5.0
celih,-4.0
celomes,-4.0
celomok,-4.0
celonok,-3.0
celopar,-4.0
celoteh,-4.0
celuk,-3.0
cema,-5.0
cemar,-5.0
cemas,-3.0
cemat,-5.0
cemberut,-4.0
cembung,-3.0
cemburu,-5.0
cemeeh,-4.0
cemeh,-4.0
cemerlang,1.5
cemomot,-4.0
cemong,-4.0
cemooh,-5.0
cemoohan,-4.0
cempek,-4.0
cempelung,-5.0
cempeng,-4.0
cempera,-5.0
cempiang,3.0
cemplung,-1.5
cempung,-4.0
cemuas,-4.0
cena,-3.0
cenangkas,3.0
cencala,-5.0
cendala,-5.0
cendekia,-0.5
cendera,4.0
cenderung,-2.0
cengang,-1.0
cengeng,-4.0
cengger,-3.0
cengkauan,3.0
cengkedi,-4.0
cengkeram,-2.0
cengkerama,-2.0
cengkeraman,1.0
cengung,-3.0
centang,-5.0
centil,1.0
cepat,0.0
cepet,2.0
cepol,-4.0
cerabah,-5.0
cerabih,-4.0
ceracam,-4.0
ceracau,-4.0
cerai,-4.0
cerai-berai,-5.0
cerapan,3.0
cerca,-4.0
cercaan,-4.0
cercah,-1.5
cerdik,2.0
cerewet,-5.0
ceri,4.0
ceria,1.5
cerita,-1.0
ceritanya,2.0
ceriwis,-4.0
cermin,3.0
cerminan,3.0
cerna,-5.0
ceroboh,-5.0
ceronggah,-4.0
ceruk,-3.0
cerup,-3.0
cetek,-3.0
cetera,-4.0
cetus,-1.0
cetusan,-1.0
challenge,2.0
chat,3.0
check,1.0
cibir,-5.0
cicik,-4.0
cicip,3.0
cikun,-5.0
cilok,-3.0
cimeng,-3.0
cincong,-5.0
cingangah,-4.0
cinta,1.0
cintai,4.0
cintaku,4.0
cintamu,3.0
cintrong,0.5
ciplak,-3.0
ciptaan,3.0
cirit,-5.0
citra,2.0
cium,0.0
ciuman,-3.0
ciut,-3.0
ciyeee,1.0
claim,-3.0
classy,-2.0
close,-2.0
closed,-3.0
coba,0.5
cobaan,-5.0
cocok,0.5
cocor,-3.0
coffee,2.0
cokol,0.0
colak-caling,-5.0
coleng,-4.0
colok,-0.5
colong,-5.0
comberan,-4.0
comblang,-5.0
comeback,-2.0
comel,1.5
comot,-4.0
compeng,-4.0
compes,-4.0
condong,-5.0
congek,-3.0
congkak,-3.0
congkel,-4.0
congor,-3.0
congrats,3.0
conteng,-3.0
cool,2.0
coplok,-3.0
copot,-1.0
corengmoreng,-4.0
coret,0.5
coretan,0.5
cotok,-3.0
couple,2.0
cover,3.0
crash,-4.0
cry,-3.0
cuai,-4.0
cuak,-4.0
cuat,-0.5
cubit,-3.0
cublik,4.0
cuca,-3.0
cucok,-1.0
cucuk,-3.0
cucup,-3.0
cucut,-3.0
cuek,-2.0
cuekin,-3.0
cukup,-5.0
cukupan,-3.0
cuma,-3.0
cuma-cuma,4.0
cumbu,-3.0
cumbuan,-3.0
cumil,4.0
cunam,-3.0
cupet,-5.0
cupul,-5.0
cura,-3.0
curang,-5.0
curat,-1.0
curcol,-3.0
curhat,-0.5
curi,-5.0
curiga,-1.5
curna,-5.0
curu,-3.0
cute,2.0
cutel,-4.0
cuti,0.5
dabih,-3.0
dadah,-4.0
dadak,3.0
daftar,-1.0
dagel,3.0
dagelan,3.0
dah,-3.0
dahh,-3.0
dahiat,-5.0
dahlah,-3.0
dahsyat,-1.5
dahulu,0.5
daif,-3.0
daim,3.0
daing,-4.0
dajal,-5.0
dakaik,3.0
dakap,-3.0
daki,-4.0
dakwa,3.0
dalal,-3.0
dalalah,-5.0
dalam,3.0
dalang,0.0
dalem,-2.0
dalih,-4.0
dalil,-3.0
dam,-3.0
damar,4.0
dambaan,3.0
dampak,-3.0
damping,1.0
damprat,-4.0
dampratan,-5.0
dana,4.0
dandan,4.0
dangkal,-1.5
dangkap,-3.0
dangkar,-4.0
dangkung,-3.0
dansa,3.0
danyang,-4.0
dapat,0.0
dapatkan,2.0
dapet,2.0
dapra,-3.0
darah,1.5
daras,-5.0
darat,-1.0
dari,-3.0
darurat,-1.5
data,-3.0
datang,-4.0
datar,3.0
dateng,2.0
datuk,-4.0
daulat,4.0
dear,2.0
death,-3.0
debar,-0.5
debat,3.0
debil,-5.0
debu,-3.0
debuk,3.0
dedak,-3.0
dede,1.0
dedemit,-4.0
dedengkot,0.5
deduksi,3.0
defekasi,-5.0
defensif,4.0
definisi,3.0
definit,2.0
defisit,-3.0
degap,3.0
degil,-5.0
degub,-1.0
dekaden,-5.0
dekadensi,-5.0
dekap,-2.0
dekat,-1.5
deket,1.0
dekil,-5.0
deklarasi,-3.0
dekorasi,5.0
delay,-3.0
delegasi,-4.0
delete,-3.0
delusi,3.0
demek,-4.0
demen,0.0
demo,-3.0
demon,-3.0
demonstrasi,-3.0
dempet,-3.0
denai,-4.0
denda,3.0
dendam,-5.0
dendang,2.0
dendeng,-4.0
dengar,2.0
denger,-3.0
dengerin,3.0
dengki,-5.0
dengkik,-4.0
dengkul,-3.0
dengkur,-3.0
dengu,-3.0
dengung,-3.0
dengus,-3.0
dengut,-3.0
denyut,0.0
depak,-3.0
dependen,3.0
deposito,3.0
depresi,-4.0
deraan,-5.0
derai,-3.0
derajat,5.0
deras,-0.5
derauan,3.0
derek,-5.0
deres,1.0
deriji,-4.0
dering,-3.0
derita,-5.0
deru,-3.0
derum,-4.0
desah,-3.0
desain,4.0
desak,-1.5
desakan,4.0
desas-desus,-5.0
desau,-3.0
desersi,-3.0
desir,-2.0
deskripsi,-4.0
destar,-4.0
detail,2.0
detailnya,1.0
detak,-3.0
detektif,-3.0
determinasi,3.0
dewan,-3.0
dewana,3.0
dewasa,2.0
dia,-3.0
diajak,1.0
diajarin,-3.0
dialog,-1.0
diam,-1.0
diamond,3.0
diancurin,-3.0
diapain,-3.0
diare,-4.0
dibalas,2.0
dibales,-3.0
dibalik,-3.0
dibantu,2.0
dibayar,3.0
dibeliin,-1.0
diblock,-4.0
dibuang,-3.0
dibully,-5.0
dicoba,2.0
dicuekin,1.0
didih,-4.0
didik,0.0
diduain,-3.0
die,-4.0
diem,-0.5
diet,-3.0
digantung,-3.0
digdaya,4.0
diginiin,-3.0
digituin,-2.0
digresi,-4.0
dihati,3.0
dikangenin,-2.0
dikara,3.0
dikasih,2.0
dikatain,-3.0
diketawain,-4.0
dikira,-3.0
dikirim,2.0
dikit,-4.0
dikonfirmasi,3.0
dikte,3.0
dilarang,-3.0
dilema,-3.0
diliatin,-3.0
dilupain,-4.0
dimakan,-2.0
dimarahin,-5.0
dimiliki,1.0
dimulai,1.0
dina,-5.0
dinamika,3.0
dinasti,-3.0
dingin,1.0
dinistain,-4.0
dipaksa,-4.0
dipamerin,-3.0
dipanggil,-1.0
dipantau,2.0
diplomasi,-5.0
diproses,1.0
direksi,-3.0
direktur,3.0
diri,-1.0
dirimu,-1.0
disakiti,-5.0
disalahin,-3.0
disarankan,1.0
disayang,0.0
disentri,-5.0
diserang,-4.0
disimilaritas,-4.0
disiplin,3.0
diskaun,3.0
diskon,2.0
diskredit,-4.0
diskrepansi,-3.0
disparitas,-4.0
dispensasi,3.0
distingsi,-4.0
distingtif,4.0
distorsi,-4.0
distribusi,3.0
disuruh,-2.0
diterima,2.0
ditidurin,-4.0
ditinggal,-4.0
ditolak,-4.0
ditunggu,2.0
diusir,-4.0
diva,2.0
divergensi,-4.0
doa,0.0
doain,2.0
doang,0.0
dobel,-3.0
dobrak,-0.5
dodor,3.0
dogma,-3.0
dogmatis,2.0
dogol,-5.0
doh,-4.0
doi,-3.0
dok,4.0
doktrin,0.0
dol,3.0
domba,-3.0
dominan,0.5
dominasi,3.0
domot,-5.0
dompleng,-3.0
donatur,3.0
dongeng,1.0
dongkel,-3.0
dongkol,-4.0
dongok,-5.0
donor,3.0
dosa,-4.0
down,-3.0
drama,-4.0
drastis,0.0
draw,-3.0
drop,-3.0
drum,2.0
dua,-1.0
duaja,-3.0
duel,-4.0
duet,-2.0
duga,1.0
dugal,-5.0
duh,-4.0
duka,-0.5
dukacarita,-4.0
dukacita,-3.0
dukun,-3.0
dukung,4.0
dukungan,4.0
duli,0.5
duluan,0.0
dum,-3.0
dungkul,-4.0
dungu,-5.0
dunia,-0.5
dupleks,-3.0
dura,-3.0
durhaka,-5.0
duri,-4.0
durjana,-5.0
durkarsa,-5.0
dursila,-5.0
dwiganda,-3.0
dzuhur,1.0
eaa,1.0
eban,-4.0
ecer,-2.0
eco,5.0
edan,-3.0
edar,2.0
edaran,-3.0
eek,-5.0
efek,3.0
efektif,5.0
efisien,4.0
ego,-3.0
egois,-5.0
eja,3.0
ejakulasi,-3.0
ejek,-4.0
ejekan,-4.0
eka,3.0
ekang,-4.0
eklektis,-3.0
ekofraksia,-5.0
ekonomis,3.0
ekor,-3.0
eks,-3.0
eksemplar,3.0
ekshibisi,-3.0
eksklusif,4.0
ekspirasi,-3.0
eksplisit,0.5
eksplorasi,4.0
ekspos,-4.0
ekspres,0.0
ekstasi,-3.0
ekstensif,3.0
ekstra,3.0
ekstrem,-4.0
ekstremis,3.0
el,-3.0
elak,-3.0
elegan,1.5
elektromotif,3.0
elite,5.0
elu,0.5
elusan,-3.0
elusif,-2.0
embah,-3.0
embal,-4.0
embarau,-3.0
embat,-4.0
embek,-3.0
embel-embel,5.0
embus,-3.0
emergensi,-4.0
emg,-1.0
emir,4.0
emmm,-2.0
emong,3.0
emosi,-0.5
empal,-4.0
empang,-3.0
empap,-3.0
empas,-3.0
empedal,-5.0
emper,-3.0
empos,-3.0
empot-empotan,-5.0
empuk,-0.5
enak,0.5
enas,-5.0
encok,-5.0
endemi,-5.0
endus,0.0
endut-endut,3.0
enek,-4.0
eneng,5.0
energi,3.0
energik,2.0
engah,-1.5
enggan,-5.0
engkau,-4.0
enjoy,3.0
entah,-3.0
entah-berentah,-3.0
entak,-3.0
enteng,1.0
entitas,1.0
enyah,-4.0
epidemi,-5.0
epigon,-3.0
erang,-1.5
erangan,-3.0
erik,-3.0
eror,-4.0
erot,-4.0
erotan,-4.0
erotis,-4.0
eroton,-4.0
error,-5.0
erti,0.0
esa,3.0
esai,2.0
esensial,-4.0
esok,-0.5
estetik,4.0
estetis,1.5
eviden,3.0
ex,-1.0
excited,-1.0
faal,4.0
fadihat,-5.0
fadil,3.0
faedah,1.5
faedahnya,-1.0
fail,-5.0
fair,3.0
fakir,-5.0
fakta,-3.0
faktitius,3.0
faktor,-4.0
faktual,3.0
familiar,2.0
fanbase,3.0
fans,2.0
fantasi,3.0
fantasy,2.0
farak,-3.0
faring,-5.0
fasid,-5.0
fasilitas,-1.0
fatal,-5.0
fatamorgana,3.0
fatanah,3.0
fav,5.0
favorite,4.0
federasi,3.0
fertil,4.0
feses,-5.0
fiesta,3.0
figur,3.0
fiksi,0.0
filantropi,0.5
filial,2.0
filo,-3.0
filsafat,0.0
final,0.5
fine,3.0
firasat,-1.5
fiskal,-3.0
fit,4.0
fitnah,-5.0
fitrah,3.0
fk,-4.0
flu,-3.0
fokus,0.5
folder,-5.0
follback,1.0
fondasi,-0.5
formal,-0.5
formasi,3.0
forum,-0.5
fosil,-4.0
foto,3.0
free,3.0
fresh,-2.0
friends,3.0
friksi,-5.0
frustasi,-3.0
fulanah,-1.0
fundamental,-4.0
fungsionaris,-3.0
fusi,4.0
gaada,-3.0
gaakan,-2.0
gabaik,-3.0
gabakal,-4.0
gabal,-5.0
gabas,-5.0
gabole,-2.0
gaboleh,-4.0
gabuk,-4.0
gabung,-5.0
gabungan,-5.0
gabut,-5.0
gabutuh,-3.0
gaco,-2.0
gacoan,-2.0
gadai,-3.0
gadang,-4.0
gado-gado,-4.0
gaenak,-3.0
gagah,2.0
gagal,-4.0
gagap,-5.0
gagar,-3.0
gagu,-3.0
gaib,-5.0
gairah,0.5
gajadi,-3.0
gajak,4.0
gaje,-3.0
gajih,-2.0
gakuat,-3.0
galaba,-5.0
galas,-4.0
galian,-3.0
gamak,-4.0
gamam,-4.0
gamang,-3.0
gamat,-5.0
gamau,-4.0
gambar,-0.5
gambir,3.0
gamblang,-1.0
game,2.0
gampang,0.5
gamungkin,-3.0
ganar,-4.0
ganas,-5.0
ganda,-3.0
ganduh,3.0
gang,-4.0
gangerti,-3.0
ganggang,-3.0
ganggu,-4.0
gangguin,-3.0
gangsar,0.5
gani,4.0
ganjal,-3.0
ganjar,1.0
ganjaran,0.0
ganjil,0.0
ganteng,0.0
ganti,0.0
gantung,-3.0
ganyang,-1.5
gapah,5.0
gapaham,-4.0
gapai,3.0
gapaian,3.0
gapernah,-3.0
gapuk,-3.0
gapura,-4.0
gara,-4.0
gara-gara,-5.0
garang,-5.0
garda,3.0
gari,3.0
garib,-4.0
garing,5.0
garis,-3.0
garit,-3.0
garu,-4.0
garuk,-3.0
gas,-4.0
gasak,-5.0
gastroenterologi,-5.0
gasuka,-4.0
gatal,-3.0
gatau,-1.0
gatel,-3.0
gatra,3.0
gaul,-3.0
gaung,-3.0
gausa,-3.0
gausah,-4.0
gawat,-5.0
gayung,-4.0
gblk,-4.0
gbs,-2.0
gebang,-4.0
gebetan,-2.0
geblek,-5.0
gebok,-3.0
gebos,-3.0
gebu,-3.0
gebung,-5.0
gebyar,4.0
gedang,-4.0
gede,0.0
gedembai,-4.0
gedembal,2.0
gedor,-4.0
gegabah,-5.0
gegadan,-5.0
gegap,-1.5
gegar,-3.0
gegara,-3.0
geger,0.5
gegetun,-4.0
gejolak,-1.0
gela,-3.0
geladah,-3.0
geladir,-5.0
gelagap,-2.0
gelagat,-1.5
gelak,2.0
gelanggang,-0.5
gelantung,-4.0
gelap,-4.0
gelar,2.0
gelatak,-4.0
gelebah,0.0
gelecik,-4.0
geledah,-3.0
geledek,-2.0
gelegak,-1.0
geleng,-3.0
geleser,1.0
gelesot,-1.0
geletar,-4.0
geletik,-3.0
geli,-2.0
geliat,-3.0
gelibat,-2.0
gelicik,-3.0
gelincir,-1.0
gelingsir,-3.0
gelinjang,-3.0
gelis,-3.0
gelisah,-5.0
gelo,-2.0
gelogok,-3.0
gelongsor,-4.0
gelopak,-4.0
gelora,0.0
geluduk,-3.0
geluncur,-3.0
gelung,-3.0
gema,1.0
gemal,-5.0
gemar,2.0
gemas,-0.5
gemaung,-3.0
gembel,-5.0
gembil,-4.0
gembira,1.0
gemblung,-3.0
gembol,-4.0
gembrot,-3.0
gembul,-3.0
gembung,-3.0
gembur,5.0
gemeletek,-4.0
gemes,-2.0
gemetar,-3.0
gemi,3.0
geming,-1.0
gemirang,4.0
gempa,4.0
gempal,-2.0
gempar,1.0
gempil,-4.0
gempita,-0.5
gempur,-4.0
gempuran,-3.0
gemuk,-3.0
gemuruh,-3.0
genah,-1.5
genang,-2.0
genangan,-2.0
genap,-3.0
gencat,-5.0
gencet,-5.0
gendak,-5.0
gendeng,-2.0
gending,1.0
gendut,-3.0
generasi,-3.0
gengsi,4.0
genial,4.0
genit,1.0
genitalia,-3.0
genius,3.0
genjang,-4.0
gentar,-1.5
gentas,0.5
gepok,-1.5
gerah,-5.0
gerak-gerik,4.0
gerakan,4.0
gerecok,-4.0
geregetan,-4.0
gerenyot,-4.0
gerepes,-4.0
geret,-3.0
geretan,-4.0
gergaji,-1.0
gerha,3.0
gerhana,-2.0
geriap,-4.0
gerimis,1.0
gering,-5.0
germo,-5.0
gerobak,-4.0
gerombol,-4.0
gerombolan,-4.0
gerombong,-4.0
gersang,-3.0
gertak,-5.0
geruh,-4.0
gesek,-1.0
geser,-2.0
getap,-4.0
getar,-1.0
getaran,-1.0
getas,5.0
getir,-4.0
getol,-0.5
getun,-4.0
giang,-3.0
gibah,-3.0
gidik,-4.0
gigil,-0.5
gigit,-2.0
gila,-2.0
gila-gila,-4.0
gila-gilaan,-0.5
gilak,-4.0
gilas,-4.0
gili-gili,-3.0
giliran,3.0
ginding,-4.0
gingsir,-3.0
giniin,-2.0
girang,3.0
girik,3.0
girik-girik,3.0
gita,2.0
gituan,-3.0
giwang,-1.0
gjd,-3.0
globe,-1.0
gobek,3.0
goblok,-5.0
goda,-0.5
godaan,-3.0
godain,-3.0
gogrok,-3.0
gohong,-3.0
gol,3.0
golak,-5.0
golek,-1.0
gombal,2.0
gombong,-3.0
gombrang,3.0
gombroh,3.0
gombrong,3.0
goncang,-3.0
gondok,-4.0
gone,-2.0
gonjak,-5.0
gontai,1.0
gontok,-4.0
good,5.0
goodbye,-3.0
goreng,-0.5
gores,-1.0
gorong-gorong,-4.0
gosah,-3.0
gosip,-5.0
gosok,-5.0
got,-3.0
goyah,-4.0
goyang,-4.0
grahita,3.0
gratifikasi,2.0
gratis,4.0
great,3.0
grecok,-4.0
gres,4.0
grip,-4.0
griya,-1.0
grogi,-4.0
grup,-4.0
gua,-3.0
guar,3.0
gubahan,3.0
gubris,0.5
gubrisan,-2.0
gubuk,-2.0
gudi,4.0
gugah,0.5
gugatan,-5.0
gugup,-5.0
gugur,-1.0
gugus,-4.0
gulana,-4.0
guling,-3.0
gulir,-3.0
guna,1.0
guncang,-3.0
guncangan,-2.0
gundah,-5.0
gundal,-3.0
gundik,-2.0
gunduk,-3.0
gundukan,-4.0
gunjingan,-5.0
guntang-guntang,3.0
guntur,-3.0
guram,-2.0
gurau,-4.0
gurauan,-4.0
gurih,1.0
guru,3.0
gurub,-5.0
gurufavorit,3.0
guruh,-0.5
gurun,-3.0
gusar,-1.0
gusti,4.0
gusur,-5.0
gutuk,4.0
guyon,-4.0
guys,1.0
gws,2.0
habis,0.0
habitat,-2.0
habituasi,1.0
hack,-4.0
hadang,-5.0
hadeh,-4.0
hadiah,0.5
hadir,-0.5
hadirin,-3.0
hai,3.0
haih,-4.0
hajar,-5.0
hajat,-2.0
hakam,-3.0
hakiki,-4.0
hakimah,4.0
halah,-5.0
halang,-3.0
halilintar,-3.0
hallo,4.0
halo,1.0
haloo,3.0
hama,-3.0
hambar,-3.0
hambat,-4.0
hambur,-3.0
hamburan,-3.0
hamik,-3.0
hamil,-5.0
hampa,-5.0
hamparan,3.0
hamster,-3.0
hancai,-5.0
handai,-0.5
hangat,0.5
hangit,-5.0
hangus,-3.0
hantam,-5.0
hantaman,-3.0
hantu,-0.5
hanya,-3.0
happy,5.0
hapus,-3.0
harap,0.0
harap-harap,-5.0
hardik,-5.0
hardikan,-5.0
harga,3.0
harkat,5.0
harmonis,1.0
harmonisasi,3.0
harmonisasiuniv,2.0
harum,5.0
harus,-5.0
hasad,-1.5
hasan,-0.5
hasil,3.0
hastag,1.0
hasud,-5.0
hate,-5.0
haters,-5.0
hati,0.0
hati-hati,-0.5
hatiku,0.0
hawa,-4.0
hawar,-5.0
hay,1.0
hayat,0.5
hayo,4.0
hayoloh,-3.0
heban,4.0
heboh,-1.0
hebring,3.0
hello,2.0
helloo,1.0
hellooo,2.0
help,2.0
hemat,0.5
hembus,-3.0
hempas,-4.0
hendak,0.0
hendaknya,0.0
hengkang,-4.0
henti,-4.0
henyak,-4.0
heran,0.5
herbal,2.0
heula,-2.0
hi,1.0
hias,3.0
hiasan,3.0
hiatus,-2.0
hibah,4.0
hidang,2.0
hidu,-1.0
hidung,-5.0
hidup,-1.0
hih,-4.0
hii,3.0
hiii,1.0
hijau,3.0
hikmah,2.0
hikmat,3.0
hilaf,-4.0
hilang,-0.5
hilir,4.0
himpit,-1.5
himpun,-3.0
himpunan,-4.0
hina,-5.0
hinaan,-5.0
hingar,-1.5
hipotesis,-3.0
hipotetis,3.0
hirap,-3.0
hiruk,-1.5
hiruk-pikuk,0.5
hirup,-3.0
hisap,-3.0
histeria,-5.0
histeris,-4.0
hitam,-4.0
hitung,1.0
hoax,-5.0
hoki,0.0
homogen,2.0
hop,-5.0
horor,-5.0
hostel,1.0
hot,-4.0
hotel,1.0
hubung,-1.0
huda,-3.0
huhuhu,-2.0
huhuu,-4.0
hujah,-4.0
hujan,-0.5
hujat,-5.0
hujung,-3.0
hukum,0.0
hulu,-3.0
hulubalang,3.0
huma,-4.0
huni,-3.0
hunjam,-4.0
hutan,3.0
hutang,-5.0
hy,1.0
iba,-5.0
ibadah,4.0
ibadat,4.0
iblis,-4.0
ibunda,-1.0
idam,0.5
idaman,3.0
idap,-5.0
ideal,3.0
idih,-3.0
idiosinkratis,4.0
idiot,-5.0
idk,-3.0
idola,-3.0
iflix,1.0
ifrit,-4.0
igau,-3.0
igauan,-3.0
ihh,-5.0
ihhh,-4.0
ihhhh,-3.0
ihsan,4.0
ihwal,-4.0
iih,-5.0
ijab,-1.0
ijtihad,3.0
ikat,-2.0
ikhlas,4.0
ikhtiar,-0.5
iktifak,4.0
iktikad,-1.0
ikut,-3.0
ikut-ikutan,-3.0
ikutan,0.5
ilang,-5.0
ilat,-5.0
ilmu,4.0
iluminasi,-3.0
ilusi,3.0
image,-2.0
imaji,3.0
imam,-1.0
iman,0.0
imbal,1.0
imbalan,-1.0
imbang,-0.5
imbas,-4.0
imbesil,-5.0
imbuh,1.0
iming-iming,-3.0
imitasi,3.0
imla,1.0
impas,-3.0
impian,3.0
implementasi,-4.0
implikasi,-3.0
import,2.0
impoten,-5.0
impulsif,3.0
imut,-1.0
imut-imut,1.5
inai,-4.0
inap,2.0
inaugurasi,-3.0
inayat,4.0
incang-incut,-4.0
incess,-3.0
incit,-4.0
indah,0.5
indehoi,-3.0
indikasi,0.0
individual,4.0
indo,-3.0
indolen,-4.0
indolensi,-4.0
indusemen,-3.0
inersia,-4.0
infak,4.0
inferensi,3.0
inferior,-4.0
inferioritas,-5.0
infinit,3.0
influensa,-3.0
info,-3.0
informasi,-0.5
informasinya,2.0
inga,-4.0
ingar,-5.0
ingat,-0.5
ingat-ingat,0.5
ingatan,3.0
ingetin,-2.0
ingkar,-4.0
ingsut,-3.0
inheren,-4.0
inhibisi,-4.0
inisiator,-0.5
injakan,-3.0
injek,-3.0
inkarnasi,-1.0
inklinasi,-3.0
inklusif,-0.5
inkorporasi,3.0
inovasi,4.0
insaf,-1.0
insane,-4.0
insentif,0.0
insiden,-1.5
insinye,4.0
inspirasi,-3.0
instansi,-3.0
instingtif,3.0
instruksi,-3.0
insyaallah,2.0
intan,3.0
integrasi,3.0
intelektual,3.0
inteligen,-1.5
intensi,3.0
intensif,-1.0
interaksi,0.5
interes,4.0
interferensi,2.0
interlokusi,-3.0
interpretasi,3.0
interupsi,3.0
intiha,-3.0
intim,2.0
intimidasi,-5.0
intrakalimat,-5.0
intrik,0.5
intrinsik,-4.0
intuitif,3.0
invalid,-5.0
inventif,4.0
inventivitas,4.0
inventori,-3.0
invitasi,2.0
invite,1.0
ira,-3.0
irama,4.0
iri,-4.5
iring-iringan,-4.0
iringan,-4.0
iris,-4.0
irit,0.0
iritasi,1.0
irsyad,-3.0
isak,-5.0
isbat,3.0
iseng,-3.0
ish,-4.0
isi,-1.5
islam,4.0
isotop,-3.0
istan,-5.0
istirahat,-2.0
isu,-1.0
isukan,-1.0
item,-4.0
itifak,4.0
itihad,3.0
itu,-2.0
itunya,-2.0
iyain,-2.0
iyak,-2.0
iyasih,-2.0
izin,-4.0
jaat,-3.0
jabar,3.0
jabat,-3.0
jadi,-0.5
jadul,-3.0
jaga,-0.5
jaga-jaga,-1.0
jagalah,3.0
jago,3.0
jagoan,3.0
jahad,-4.0
jahanam,-5.0
jahat,-4.0
jahatin,-3.0
jahatnya,-4.0
jahil,-4.0
jahit,-5.0
jail,-4.0
jajah,-5.0
jajak,3.0
jajal,-4.0
jala,3.0
jalanan,-4.0
jalang,-4.0
jalanin,2.0
jali,2.0
jalu,-4.0
jalur,-4.0
jamah,-5.0
jaman,-2.0
jambak,-5.0
jambret,-5.0
jamhur,3.0
jamiah,1.0
jamik,3.0
jamil,2.0
jamin,-5.0
jangan,-3.0
jangankan,-3.0
jangann,-3.0
janggal,-4.0
jangka,3.0
jangkang,-5.0
jangkit,-5.0
jantan,5.0
jarah,-4.0
jarak,0.0
jaras,-5.0
jari,-4.0
jariji,-4.0
jaring,3.0
jaringan,-0.5
jarum,-4.0
jaruman,-5.0
jasa,4.0
jaswadi,3.0
jatah,1.0
jatohnya,-1.0
jatuh,-1.0
jauh,-4.0
jauhin,-3.0
jawab,-1.0
jawaban,-1.0
jawara,3.0
jawatan,-3.0
jaya,4.0
jealous,-3.0
jebakan,3.0
jebeh,-5.0
jeblok,-5.0
jeblos,-1.5
jedot,-4.0
jejal,-1.0
jejap,-4.0
jelabak,-3.0
jelak,3.0
jelang,3.0
jelas,-1.0
jelata,-5.0
jelek,-5.0
jeli,0.5
jelingah,-3.0
jelma,-3.0
jelukan,-3.0
jelus,-2.0
jemari,-4.0
jembalang,-4.0
jembatan,-4.0
jembel,-5.0
jempol,4.0
jempolan,4.0
jenak,1.0
jenaka,-3.0
jenang,4.0
jenazah,-4.0
jendala,-5.0
jendera,-4.0
jenewer,-4.0
jengkang,-5.0
jengkel,-4.0
jenguk,-2.0
jentaka,-5.0
jentelmen,3.0
jepit,-4.0
jeput,-3.0
jera,-3.0
jeran,-3.0
jeraus,-0.5
jerawat,-3.0
jereket,-3.0
jerepet,-3.0
jeri,-3.0
jeriji,-4.0
jeringing,-4.0
jerit,-3.0
jeritan,-5.0
jernih,4.0
jerum,-4.0
jiawang,5.0
jibilah,4.0
jidur,3.0
jigong,-4.0
jigrah,3.0
jihad,3.0
jihat,-4.0
jiji,-4.0
jijik,-5.0
jilat,-3.0
jilatan,-3.0
jilbab,3.0
jilid,-5.0
jin,-3.0
jiplak,-3.0
jir,-3.0
jleb,-3.0
jobak,-3.0
jodoh,0.0
join,1.0
jolak,-3.0
joli,1.0
jomblo,-1.0
jompo,-3.0
jones,-3.0
jongkok,-5.0
jorok,-5.0
jorong,-3.0
jotos,-5.0
jreng,3.0
juak-juak,5.0
jual,1.0
jualan,1.0
juang,0.0
judes,-4.0
judul,2.0
jujur,1.5
julat,3.0
jumat,2.0
jungkal,-2.0
junior,-4.0
junjung,-2.0
junjungan,-2.0
juragan,-4.0
jurik,-4.0
juta,2.0
jutek,-5.0
jutekin,-5.0
juwita,-4.0
juz,-4.0
kabar,-0.5
kabeh,-2.0
kabil,-4.0
kabin,-3.0
kabinet,-3.0
kabung,-2.0
kabur,-2.0
kabut,-2.0
kacangan,-4.0
kacek,-4.0
kaci,4.0
kacip,-3.0
kacrek,-3.0
kacuk,-4.0
kada,-3.0
kadam,-3.0
kadang,3.0
kadang-kadang,3.0
kadar,5.0
kado,2.0
kafe,-4.0
kafetaria,-4.0
kafilah,-4.0
kagak,-3.0
kaget,0.0
kagum,1.0
kaidah,-4.0
kaisar,4.0
kait,1.0
kaitan,-1.5
kaji,4.0
kajian,4.0
kakas,-3.0
kakek,3.0
kalah,-4.0
kalang-kabut,-4.0
kalap,-1.0
kalau,-1.0
kalem,1.0
kalimantang,-3.0
kalimat,-3.0
kalis,4.0
kalong,3.0
kalor,-4.0
kalut,-3.0
kam,2.0
kambing,-3.0
kambuh,-4.0
kamil,3.0
kampanye,3.0
kampit,-1.0
kampret,-5.0
kampungan,-5.0
kandas,-5.0
kandis,4.0
kandut,-3.0
kangen,0.0
kanjang,4.0
kanji,-3.0
kantin,-4.0
kantong,1.0
kanun,-3.0
kaos,-4.0
kapabilitas,3.0
kapah,-2.0
kapal,-3.0
kapasitas,3.0
kapok,-3.0
kapuk,-3.0
karang,-3.0
karangan,-4.0
karavan,-4.0
kardinal,-4.0
karena,-3.0
karib,4.0
karimah,4.0
karin,-2.0
karsa,3.0
karu,-5.0
karunia,4.0
karut,-5.0
karya,3.0
karyawan,3.0
kasad,1.0
kasam,-3.0
kasatmata,4.0
kasemat,-3.0
kasep,-4.0
kasi,-3.0
kasian,-3.0
kasih,0.5
kasihan,0.5
kasiku,-4.0
kasim,-4.0
kasip,-5.0
kasual,3.0
kasur,-4.0
kata,-1.0
kata-,-4.0
kata-kata,-4.0
katanya,-1.0
kaus,-4.0
kawaei,-2.0
kawakan,5.0
kawal,-0.5
kawula,-3.0
kaya,0.0
kayak,-3.0
kayaknya,-3.0
kayangan,-5.0
kayanya,-2.0
ke-tidakjelasan,-5.0
keahlian,3.0
keaiban,-5.0
keajaiban,-4.0
keaktifan,2.0
keampuhan,4.0
keanehan,-4.0
keasingan,-4.0
kebabaran,-2.0
kebaca,-1.0
kebahagiaan,4.0
kebaikan,4.0
kebajikan,4.0
kebalik,-3.0
kebangkitan,-1.5
kebangunan,-5.0
kebanyakan,2.0
kebas,-3.0
kebat,-3.0
kebejatan,-5.0
kebentok,-4.0
keberuntungan,1.5
kebesaran,4.0
kebijakan,3.0
kebimbangan,-4.0
kebingungan,-3.0
kebirahan,-3.0
kebiri,-4.0
kebisaan,4.0
kebisuan,-4.0
kebo,-4.0
kebobrokan,-4.0
kebodohan,-3.0
kebolehan,2.0
kebun,-4.0
keburu,-3.0
keburukan,-5.0
kebusukan,-5.0
kebutuhan,4.0
kecabuhan,-3.0
kecabulan,-5.0
kecakapan,2.0
kecaman,-5.0
kecamuk,-4.0
kecantikan,2.0
kecantol,-3.0
kecap,-4.0
kecapan,-4.0
kecapekan,-3.0
kece,1.0
kecek,-3.0
kecelakaan,-5.0
kecemasan,-4.0
kecemerlangan,-1.0
kecepatan,4.0
kecerdikan,4.0
keceriaan,-1.0
kecerobohan,-5.0
kecil,-3.0
kecintaan,-3.0
kecipir,-3.0
kecoa,-3.0
kecong,3.0
kecut,-4.0
kedaifan,-3.0
kedalaman,3.0
kedaluwarsa,-3.0
kedapatan,-2.0
kedengkian,-5.0
keder,-4.0
kediaman,2.0
kedinginan,-3.0
kedodoran,3.0
kedot,2.0
kedoyanan,3.0
kedukaan,-4.0
kedung,-3.0
keduniaan,-0.5
kedut,-4.0
keenakan,4.0
kegaduhan,-3.0
kegagahan,4.0
keganjilan,-4.0
kegedean,-2.0
kegegeran,-3.0
kegelisahan,-4.0
kegembiraan,4.0
kegemparan,-4.0
kegeruhan,-4.0
kegiatan,3.0
kegilaan,3.0
kegirangan,3.0
kegunaan,4.0
kehadiran,3.0
kehampaan,-3.0
kehangatan,0.0
kehebohan,-1.0
keheningan,-4.0
kehilangan,-4.0
kehormatan,5.0
kehuru-haraan,-4.0
keikutsertaan,3.0
keinget,-2.0
kejadian,0.5
kejam,-4.0
kejangkitan,-4.0
kejar,-3.0
kejayaan,4.0
kejedot,-4.0
kejelasan,1.0
kejelekan,-5.0
kejepit,-4.0
kejernihan,-3.0
keji,-5.0
kejorokan,-5.0
kejuruan,3.0
kejut,0.0
kejutan,3.0
kekacauan,-4.0
kekaguman,1.5
kekal,3.0
kekang,-4.0
kekayaan,2.0
kekecewaan,-3.0
kekecohan,-5.0
kekejian,-5.0
kekekalan,3.0
kekeliruan,-2.0
kekeluargaan,4.0
kekerabatan,-0.5
kekeramatan,-5.0
kekerasan,-4.0
kekhawatiran,-4.0
kekhususan,3.0
keki,-1.5
kekosongan,-3.0
kekotoran,-5.0
kekuatan,3.0
kekurangan,-3.0
kekusutan,-4.0
keladi,-3.0
kelahiran,3.0
kelainan,-4.0
kelajuan,4.0
kelakar,-4.0
kelam,-4.0
kelamaan,-4.0
kelambanan,-4.0
kelamin,-3.0
kelangkan,-3.0
kelapangan,3.0
kelar,3.0
kelas,-3.0
kelasah-kelusuh,-5.0
kelatahan,-5.0
kelati,-3.0
kelawasan,1.0
kelebihan,-3.0
kelelahan,-3.0
kelelawar,3.0
kelemahan,-4.0
kelembaman,-3.0
kelengangan,-4.0
kelengar,-4.0
kelepasan,3.0
kelesa,-4.0
kelesah,-5.0
kelesuan,-5.0
keletah,-3.0
keletihan,-3.0
kelezatan,4.0
keliatan,0.5
kelih,0.5
kelilipan,3.0
kelimpahan,4.0
kelimut,-3.0
keling,-3.0
kelipar,-4.0
kelir,-3.0
keliru,-2.0
kelok,-2.0
kelompang,-3.0
kelompok,-5.0
kelonggaran,3.0
keloyoan,-3.0
kelu,-3.0
keluang,3.0
keluangan,3.0
keluar,-3.0
keluaran,3.0
keluarga,0.5
keluarkan,-3.0
keluasan,3.0
kelucahan,-5.0
kelucuan,3.0
keluhan,-3.0
kelusuh-kelasah,-5.0
kemahiran,4.0
kemakmuran,-3.0
kemaknagandaan,-3.0
kemalangan,-5.0
kemaluan,-3.0
kemamang,-4.0
kemampuan,4.0
kemandang,-3.0
kemangkakan,3.0
kemantapan,4.0
kemas,0.5
kemaslahatan,4.0
kemasukan,-3.0
kemasygulan,-3.0
kemasyhuran,4.0
kematian,-5.0
kemayu,-3.0
kemban,-5.0
kembang,3.0
kembang-kempis,-0.5
kembar,-3.0
kembung,-3.0
kemegahan,4.0
kemerosotan,-5.0
kemesuman,-5.0
kemik,-3.0
kemiripan,0.0
kempa,-3.0
kempes,-4.0
kemplang,-5.0
kempuh,5.0
kemudahan,3.0
kemudi,3.0
kemufakatan,3.0
kemunculan,3.0
kemunduran,-5.0
kemungkinan,-1.0
kemurahan,4.0
kemuraman,-5.0
kemurkaan,-5.0
kemurungan,-5.0
ken,0.5
kena,-3.0
kenahasan,-2.0
kenal,0.5
kenamaan,5.0
kenan,-0.5
kenang,0.5
kenang-kenangan,0.5
kenangan,3.0
kenapaaa,-3.0
kenapasih,-3.0
kencan,-0.5
kencang,0.0
kenceng,-2.0
kencing,-3.0
kendati,-3.0
kendatipun,-3.0
kenduri,4.0
kenek,1.0
kenes,-3.0
kenestapaan,-3.0
kenikmatan,4.0
kenistaan,-5.0
kentara,-1.0
kentut,-2.0
kenyam,1.0
kenyamanan,4.0
kenyang,3.0
kenyataannya,-2.0
kenyih,-4.0
keok,-2.0
keonaran,-5.0
kepalan,-5.0
kepalang,-3.0
kepandaian,4.0
kepanikan,-4.0
keparat,-5.0
kepatuhan,3.0
kepayahan,-3.0
kepedihan,-5.0
kepedulian,1.0
kepelesiran,3.0
kepelikan,-4.0
kepenatan,-4.0
kepencet,-2.0
kepeng,-2.0
kepentingan,5.0
kepercayaan,0.0
keperihan,-5.0
keperluan,5.0
kepesatan,4.0
kepetangan,-3.0
kepialu,-4.0
kepiawaian,4.0
kepincangan,-4.0
kepindahan,-3.0
kepinding,-5.0
kepintaran,4.0
kepleset,-0.5
kepo,-0.5
kepoin,2.0
kepompong,-5.0
keprihatinan,-0.5
kepuasan,3.0
keputusan,4.0
keputusasaan,-5.0
kera,-3.0
kerabat,0.0
kerabit,-3.0
kerabu,-5.0
kerai,-4.0
kerajaan,-3.0
kerak,-2.0
kerakal,-3.0
keramat,-3.0
keran,-4.0
kerasan,0.0
kerasukan,-5.0
kerat,-1.0
kerawanan,-4.0
kerbau,-3.0
kerdak,-4.0
kerekau,-3.0
kerelaan,-2.0
keremus,-4.0
kerepotan,-3.0
kereseng,-4.0
kereta,-4.0
keretakan,-4.0
keri,-4.0
keriaan,3.0
keriangan,4.0
keributan,-5.0
kerik,-3.0
kerikil,-3.0
kerinduan,2.0
kering,-3.0
keringanan,2.0
keris,-4.0
kerising,-4.0
keriuhan,-3.0
kerja,2.0
kerjaan,2.0
kerjain,-3.0
kerjasama,3.0
kernyih,-4.0
kerok,-3.0
keropok,-3.0
keropos,-3.0
kerosek,-3.0
keroyok,-1.5
kerubung,-1.0
kerubut,-3.0
kerugian,-5.0
keruh,-4.0
kerukunan,3.0
kerumit,-5.0
kerumitan,-5.0
kerusuhan,-5.0
kerut,-2.0
keruwetan,-4.0
kes,3.0
kesabaran,5.0
kesah,2.0
kesahihan,-3.0
kesal,-0.5
kesalahan,-5.0
kesambet,-3.0
kesatria,2.0
kesayuan,-2.0
kesebalikan,-2.0
kesebatan,4.0
kesediaan,1.0
kesedihan,-5.0
keseimbangan,4.0
kesejukan,-3.0
kesel,-5.0
keseleo,-3.0
kesemarakan,4.0
kesendirian,-4.0
kesenduan,-2.0
kesengsaraan,-5.0
kesenjangan,-4.0
kesentuhan,-3.0
kesenyapan,-4.0
kesepakatan,-0.5
kesepian,-4.0
kesertaan,2.0
keseruan,3.0
keseser,-4.0
keset,-4.0
kesetanan,-3.0
kesetiaan,3.0
kesi,-3.0
kesialan,-5.0
kesian,-3.0
kesiannya,-4.0
kesibukan,-3.0
kesima,1.5
kesimpulan,3.0
kesohor,5.0
kesomplok,-4.0
kestabilan,4.0
kesucian,-1.0
kesudahan,-3.0
kesudian,2.0
kesufian,4.0
kesukacitaan,3.0
kesukaran,-4.0
kesulitan,-5.0
kesuma,3.0
kesumat,-4.0
kesunyian,-3.0
kesuraman,-5.0
kesurupan,-5.0
kesusahan,-5.0
kesusupan,-2.0
ketaatan,1.0
ketagihan,-3.0
ketahuan,-5.0
ketajaman,0.5
ketaksaan,-5.0
ketakutan,-4.0
ketangkasan,4.0
ketapak,3.0
ketar,-3.0
ketat,-3.0
ketauan,-4.0
ketawa,4.0
ketelanjuran,-5.0
keteledoran,-4.0
ketemu,1.0
ketenangan,-4.0
ketenteraman,4.0
keterbukaan,5.0
keterikatan,4.0
keterkaitan,-3.0
keterlaluan,-5.0
keterlibatan,-3.0
ketertarikan,4.0
ketertiban,3.0
ketewasan,-3.0
ketiadaan,1.0
ketibaan,3.0
ketidaktentuan,-5.0
ketiduran,-3.0
ketimpangan,-4.0
ketinggalan,-3.0
ketinggian,-2.0
ketuat,-4.0
ketul,-3.0
ketulahan,-4.0
ketularan,-4.0
ketumbukan,-4.0
ketus,-4.0
keuntungan,4.0
keurus,4.0
keurusan,4.0
kewalahan,-3.0
kgk,-3.0
khabis,-3.0
khafi,-5.0
khair,-4.0
khalas,3.0
khalifatullah,-4.0
khalis,4.0
khalwat,-3.0
kharab,-5.0
khas,4.0
khasi,-4.0
khasiat,4.0
khatimah,-3.0
khawatir,-2.0
khayal,2.0
khayalan,4.0
khianat,-4.0
khilaf,-4.0
khinzir,-4.0
khisit,-5.0
khuluk,3.0
khusyuk,3.0
kial,-4.0
kiamat,-3.0
kias,4.0
kiat,3.0
kicau,3.0
kicauan,-4.0
kicik,-3.0
kicu,3.0
kidib,-3.0
kikir,4.0
kikis,-5.0
kilah,-4.0
kilang,-3.0
kilat,0.5
kimah,5.0
kincang,3.0
kincit,-5.0
kincung,3.0
kini,3.0
kiprah,3.0
kipu,4.0
kira,0.0
kirai,-3.0
kiranya,-1.0
kiri,-3.0
kirim,2.0
kisas,3.0
kisi,-3.0
kisi-kisi,-4.0
kisikan,-3.0
kismat,1.0
kisruh,-3.0
kitab,-0.5
kits,5.0
klasik,3.0
klien,4.0
kliyengan,-1.5
kobar,-2.0
kobaran,-3.0
kocak,-2.0
kocar-kacir,-5.0
kocok,-3.0
kode,-3.0
kodok,-2.0
kodrat,4.0
kohesi,4.0
kohor,-3.0
koit,-5.0
kojor,-3.0
kolam,-3.0
kolaps,-5.0
koleksi,1.0
kolera,-4.0
kolot,-5.0
komat-kamit,-3.0
komedi,3.0
komisi,3.0
kompas,-3.0
kompetensi,3.0
kompleksitas,-4.0
komplemen,5.0
komplet,3.0
komplikasi,-3.0
komplot,0.0
kompor,-4.0
komunikasi,-1.0
komunitas,-0.5
konco,0.5
kondang,5.0
koneksi,-1.0
konferensi,2.0
konfirmasi,3.0
konfirmasikan,3.0
konfirmasinya,3.0
konformitas,4.0
kongkalikong,-4.0
kongkong,-3.0
konglomerasi,-4.0
konklusi,3.0
konkret,3.0
konkretisasi,-3.0
konkurensi,-4.0
konotasi,-3.0
konsekuensi,-3.0
konsensus,3.0
konseptual,3.0
konsistensi,-3.0
konsolidasi,3.0
konspirasi,0.0
konstelasi,2.0
konstruktif,3.0
konsultasi,3.0
kontak,-1.0
kontaminasi,-4.0
kontan,3.0
kontemporer,3.0
kontol,-5.0
kontradiksi,-3.0
kontras,-3.0
kontributor,3.0
kontroversi,-4.0
konveks,-3.0
konyol,-3.0
kooperasi,1.0
koordinasi,1.0
koordinasikan,1.0
koordinator,2.0
koplo,-3.0
kopong,-4.0
kopyor,-4.0
korban,-4.0
korek,0.0
korup,-5.0
korupsi,-4.0
kosen,4.0
kosong,-4.0
kot,-1.0
kota,-1.0
kotak,-3.0
koteng,-3.0
kotor,-5.0
kotoran,-5.0
koyak,-3.0
koyak-koyak,-5.0
kreasi,3.0
kreatif,4.0
kreativitas,4.0
kredibel,3.0
krg,-2.0
krim,1.0
krisis,-4.0
krista,-4.0
kritik,-5.0
kritikan,-5.0
kritis,-5.0
kroco,-4.0
kromatis,-3.0
kroni,0.5
kronis,-5.0
kronologi,-1.0
kuala,4.0
kualat,-4.0
kualifikasi,2.0
kualitas,4.0
kuasa,3.0
kuat,-0.5
kubang,-3.0
kubra,-1.5
kucar-kacir,-5.0
kucil,1.0
kucup,2.0
kucur,4.0
kudus,4.0
kufur,-5.0
kujarat,5.0
kukuh,-1.0
kukul,-3.0
kukur,-3.0
kulak,-3.0
kuliah,-0.5
kumandang,-3.0
kumat,-4.0
kumbang,-1.5
kumuh,-4.0
kunarpa,-4.0
kunci,3.0
kundangan,5.0
kungkungan,-3.0
kuning,-4.0
kunjung,0.0
kunjungi,3.0
kuno,-5.0
kuntit,1.0
kunyah,3.0
kuota,-2.0
kupon,3.0
kurang,-3.0
kurbal,-3.0
kurban,-3.0
kurung,-3.0
kurungan,-4.0
kurus,-3.0
kurusuhan,-4.0
kusa,3.0
kusuma,4.0
kusut,-4.0
kutil,-4.0
kutuk,-5.0
kutut,-3.0
kuwur,-4.0
kuy,1.0
kuyu,-5.0
kuyup,-3.0
kzl,-5.0
laba,4.0
labil,-4.0
labiovelar,4.0
laboratorium,-3.0
labrak,-4.0
labuda,-3.0
labuh,3.0
labuhan,3.0
lacur,-5.0
ladah,-5.0
ladang,-4.0
laden,3.0
lafal,-1.0
lagak,0.0
lagi,-3.0
lagian,-3.0
lagu,2.0
lahang,-3.0
lahir,3.0
laif,-5.0
laik,-5.0
lain,-4.0
lajat,-5.0
lajnah,3.0
lakeri,3.0
laknat,-5.0
lakon,-1.5
lalai,-4.0
lali,-4.0
lalim,-5.0
lalu,3.0
laluan,-4.0
lam,3.0
lama,-4.0
lambang,-3.0
lambat,1.0
lambat-lambat,-4.0
lambuk,3.0
lambung,2.0
lampu,4.0
lancang,-5.0
lancar,1.0
lancarkan,3.0
lancip,-4.0
lancung,3.0
lancut,-4.0
langah,-3.0
langau,-4.0
langgam,2.0
langgan,2.0
langganan,4.0
langgeng,4.0
langis,-5.0
langka,-5.0
langkah,4.0
langkan,-3.0
langkap,-3.0
langking,-4.0
langsai,-3.0
langsuir,-4.0
langsung,3.0
lanjur,-1.0
lanjut,-1.5
lanjutkan,1.0
lantaran,-4.0
lantik,3.0
lantip,3.0
lanyak,-3.0
lap,-5.0
lapang,3.0
lapangan,3.0
lapar,-5.0
laper,-3.0
lapisan,3.0
lapor,2.0
laporan,-5.0
laporin,-3.0
laporkan,2.0
lapuk,-5.0
lara,-5.0
larang,-3.0
larat,-3.0
lari,-2.0
lari-lari,-2.0
larut,-2.0
lasat,-5.0
lata,-5.0
laten,-5.0
latih,0.5
latihan,-2.0
latisan,-4.0
lau,-2.0
laun,1.0
laur,-4.0
lawan,-1.5
lawas,-1.5
layak,-1.0
layan,0.0
layanan,3.0
layon,-4.0
layu,-4.0
layuh,-3.0
ldr,-2.0
leave,-3.0
lebai,0.5
lebar,0.0
lebay,-4.0
lebih,1.0
lebih-lebih,4.0
lebu,-3.0
lebuk,3.0
lebun,3.0
lebur,-5.0
leburan,-3.0
lecap,-4.0
leceh,-5.0
lecet,-4.0
ledak,-4.0
ledekan,-5.0
ledes,-3.0
leduk,-4.0
legalisasi,-3.0
legalitas,-3.0
legawa,4.0
legit,4.0
lekap,-3.0
lekas,-0.5
lekat,-3.0
lektur,4.0
lekukan,-3.0
lela,-4.0
lelah,0.5
lelang,-1.0
lelap,-0.5
leleh,-1.0
lelembut,-4.0
leler,-4.0
lelucon,-4.0
lelung,-3.0
lemah,0.5
lemas,5.0
lemau,-4.0
lembaga,-3.0
lembam,-4.0
lembap,-4.0
lembek,0.5
lembeng,-4.0
lembik,5.0
lembu,-3.0
lembuk,3.0
lembung,-3.0
lemes,-3.0
lemot,-5.0
lencana,-3.0
lendeh,-3.0
lengah,-4.0
lengang,-4.0
lengas,-4.0
lenggana,-4.0
lenggang,2.0
lengkap,-0.5
lengket,-2.0
lengket-lengket,-3.0
lengkur,-3.0
lenguh,-4.0
lentera,4.0
lenyap,-5.0
lepas,-2.0
lepasan,-3.0
lepaskan,-2.0
lepek,-0.5
lepra,-5.0
lerak,-4.0
lesap,-3.0
lesit,-1.0
lestari,4.0
lesu,-4.0
leta,-5.0
letih,0.5
letup,-3.0
letus,-4.0
lever,-2.0
lewat,-1.5
leyu,-4.0
lezat,5.0
liang,-3.0
liat,0.5
libur,3.0
liburan,3.0
licin,1.0
lieur,-3.0
life,-2.0
lihai,-1.0
lihat,3.0
lila,4.0
lilit,-3.0
limbukan,3.0
limpah,1.0
lincah,0.5
lindap,-3.0
lindu,4.0
lindung,4.0
linggis,-4.0
lingkar,-3.0
lingkungan,3.0
lingkup,-5.0
lingsir,-1.5
linguis,-3.0
lini,4.0
lintar,-3.0
lintasan,-4.0
linu,0.0
linuhung,3.0
liplap,-3.0
lipur,0.0
liputan,3.0
lirih,-3.0
lisong,-3.0
lisut,-4.0
live,3.0
liwa,-3.0
loakan,-4.0
lock,-2.0
loksek,-4.0
loloh,-3.0
lolos,-4.0
lombong,-3.0
lompong,-2.0
londang,-3.0
loneng,-3.0
longgar,3.0
longgok,-3.0
longo,3.0
lopak,-4.0
lopak-lapik,-4.0
lorong,-4.0
lorot,-1.5
losmen,2.0
lost,-3.0
lot,-5.0
lotong,-4.0
lotre,-1.5
love,1.0
lovers,4.0
luak,-3.0
luang,-0.5
luas,3.0
lubang,-3.0
lubuk,-3.0
lucah,-5.0
luck,4.0
lucu,0.5
lucunya,-2.0
lucut,-3.0
luda,-3.0
ludes,-5.0
lugas,4.0
lugu,1.0
luk,3.0
luka,-5.0
lukis,2.0
lukisan,2.0
luluh,1.0
lulus,5.0
lumat,-4.0
lumayan,-0.5
lumer,-3.0
lumut,-3.0
lunak,5.0
luncas,-3.0
lunch,3.0
lungkang,-4.0
lungse,-4.0
luntur,-1.0
lupa,-1.0
lupain,1.0
lupakan,1.0
luput,-3.0
luruh,0.0
lurus,4.0
lusuh,-5.0
lutu,-4.0
lutut,-2.0
luwes,-4.0
luyu,-1.0
maaf,-0.5
maafin,-3.0
maafkan,-3.0
maap,-3.0
maapin,-4.0
maapkan,-3.0
mabok,-4.0
mabrur,4.0
macem,-2.0
macis,-4.0
madani,-4.0
madat,-3.0
maen,3.0
mafhum,1.0
mafia,-5.0
mager,-4.0
maghrib,-2.0
maha,4.0
mahabah,4.0
mahal,1.0
mahdi,3.0
maherat,-4.0
mahfum,4.0
mahh,-3.0
mahir,1.5
mahkamah,-3.0
maho,-4.0
maimun,4.0
main,0.0
mainin,-2.0
mainstream,-3.0
mairat,-5.0
majenun,0.5
majikan,-3.0
majubersama,3.0
makan,0.0
makanan,3.0
makasih,4.0
makbul,3.0
makelar,-3.0
makhluk,3.0
maki,-5.0
makian,-5.0
makin,2.0
maklum,0.5
maklumat,-0.5
makmum,-3.0
makmur,4.0
makna,5.0
makruf,4.0
maksa,-5.0
maksimal,3.0
maksud,1.0
maksudnya,-1.0
mala,-5.0
malak,-4.0
malam,-1.0
malang,-5.0
malapateka,-3.0
malapetaka,-5.0
malas,-4.0
malayari,3.0
malem,-1.0
males,-4.0
malesin,-4.0
malim,3.0
malu,-1.0
mam,-5.0
mama,4.0
mamah,-4.0
mamak,2.0
mamam,-3.0
mamang,-4.0
mambang,-4.0
mampir,-0.5
mampu,-1.0
mampus,-5.0
man,-1.0
manah,-2.0
manasuka,-4.0
mancing,2.0
mandiri,-3.0
mandraguna,4.0
maneh,-3.0
manfaat,5.0
manfaatnya,3.0
mangau,-4.0
manggak,-5.0
manggala,3.0
mangkas,-2.0
mangkel,-4.0
mangkir,-3.0
mangut,-4.0
manifestasi,-3.0
manila,5.0
manipulator,-4.0
manis,1.5
manja,1.0
manjaan,-3.0
manjur,1.5
mansukh,-4.0
mantan,-3.0
mantannya,-3.0
mantap,5.0
manusia,3.0
manuver,-3.0
mapan,3.0
mara,-4.0
marah,-5.0
marahin,-4.0
margrit,3.0
mari,1.5
marilah,0.0
mariyuana,-3.0
martabat,5.0
maruk,-3.0
masai,-4.0
masak,0.0
masakan,3.0
masalah,-4.0
masif,-0.5
masjid,3.0
maskapai,3.0
maslahat,3.0
master,-1.0
masuk,-3.0
masygul,0.5
masyhur,-0.5
mata,-2.0
mata-mata,-3.0
matahari,2.0
matanya,-2.0
mati,-0.5
matiin,-2.0
mau,2.0
maujud,2.0
maula,-4.0
maunya,-1.0
maut,4.0
mayat,-4.0
mayit,-4.0
mbeling,-2.0
mblo,-3.0
medali,4.0
medium,2.0
medok,-3.0
meh,-5.0
mekar,3.0
melabrak,-5.0
meladeni,-1.0
melafalkan,2.0
melahap,-5.0
melahirkan,3.0
melaknat,-5.0
melakoni,1.0
melakonkan,3.0
melaksanakan,-3.0
melalah,-4.0
melalak,-3.0
melalap,-4.0
melalui,3.0
melambungkan,2.0
melampas,4.0
melampau,-4.0
melancarkan,0.5
melandai,-3.0
melanggar,-5.0
melankoli,-5.0
melankolis,-2.0
melantak,-4.0
melantik,3.0
melantunkan,3.0
melanyak,0.5
melar,-2.0
melarang,-3.0
melarat,-4.0
melarikan,3.0
melarutkan,1.0
melawat,-4.0
melayang,-3.0
melayani,-1.0
melecehkan,-0.5
meledak,-4.0
meledos,3.0
meleja,-5.0
melek,0.0
melekat,-4.0
melelah,-3.0
melelapkan,-3.0
melemah,-3.0
melembung,-3.0
melenceng,-3.0
melendeh,0.0
melengkapi,3.0
melenyapkan,-5.0
melepas,-5.0
melepaskan,-5.0
melepek,-4.0
melesap,-3.0
meleset,-3.0
melesit,-1.0
melet,-3.0
meletakkan,4.0
meleting,-3.0
melewati,3.0
melibas,-4.0
melicinkan,1.0
meligih,-4.0
melihat,3.0
melilit,3.0
melindap,-3.0
melindur,-3.0
melingkupi,-3.0
melintang,-4.0
melintangi,3.0
melipur,0.5
meliputi,-3.0
melisankan,3.0
meloloh,-3.0
meloloskan,3.0
melongo,3.0
melontarkan,3.0
melorot,-1.5
meloya,-4.0
meluas,2.0
melubangi,-3.0
melukat,-4.0
melulu,-3.0
meluluhlantakkan,-4.0
meluluskan,3.0
melumangkan,-5.0
melumatkan,-4.0
melumur,-4.0
meluncurkan,3.0
melunyah,-3.0
melupakanmu,-3.0
memaafkan,-3.0
memacak,-4.0
memadatkan,-3.0
memafhumi,3.0
memahami,3.0
memahirkan,1.5
memakan,-4.0
memaki,-5.0
memaklumi,0.5
memaku,-3.0
memalak,-4.0
memaling,-5.0
memalu,3.0
memamah,-4.0
memampat,-3.0
memanas-manasi,-3.0
memanaskan,-4.0
memandu,3.0
memang,1.0
memanggang,-4.0
memangku,-3.0
memangnya,-2.0
memanjang,3.0
memantai,-1.5
memantak,-4.0
memantang,-4.0
memantapkan,-3.0
memapas,-5.0
memarahi,-5.0
memarak,-3.0
memarap,-3.0
memarkir,1.0
memartil,3.0
memasak,-3.0
memasuki,-0.5
mematuhi,4.0
mematung,-3.0
mematut-matut,-3.0
membabar,-1.0
membabat,-4.0
membaca,4.0
membahagiakan,4.0
membahana,-3.0
membahas,1.0
membaik,-3.0
membajak,-5.0
membakar,-4.0
membalas,0.5
membandel,-5.0
membanding,-3.0
membandingkan,-3.0
membandungi,-1.0
membangunkan,-4.0
membanjiri,-3.0
membantai,-4.0
membantar,-4.0
membanting,-4.0
membantu,0.0
membara,-0.5
membasmi,-5.0
membatasi,-3.0
membatu,0.0
membawang,-5.0
membawat,-5.0
membayangkan,2.0
membayankan,-4.0
membayar,-3.0
membeber,-4.0
membeda-bedakan,-3.0
membegal,-5.0
membekam,-4.0
membekap,-3.0
membekas,-3.0
membelai,-4.0
membeli,-0.5
membelot,-5.0
membembam,-4.0
membenang,4.0
membenarkan,3.0
membencanai,-4.0
membenci,-5.0
membendung,-3.0
membentak,-5.0
membentur,-3.0
memberangsangkan,-4.0
memberantas,-5.0
memberhentikan,-5.0
memberi,0.0
membersihkan,-5.0
membesar,-2.0
membeset,-4.0
membeslah,-4.0
membiak,-3.0
membiarkan,-3.0
membiasakan,2.0
membidikkan,-2.0
membimbingmu,3.0
membimbit,3.0
membinasakan,-5.0
membingkas,3.0
membingkis,4.0
membisu,-1.0
memble,-3.0
membobol,-5.0
membocorkan,-4.0
membohong,-4.0
membohongi,-3.0
membolos,-3.0
membonceng,-3.0
membongkar,-4.0
membopong,-3.0
membosankan,-3.0
membual,-4.0
membuang,-4.0
membuat,1.0
membubuhkan,4.0
membuktikan,-4.0
membukukan,-5.0
membuncahkan,-4.0
membunyikan,0.5
memburu,-0.5
memburukkan,-5.0
memecah,-4.0
memecatkan,-5.0
memedi,-4.0
memegang,-4.0
memegat,-3.0
memejahijaukan,-1.5
memejalkan,-3.0
memek,-5.0
memekik,-3.0
memeluk,1.5
memenangi,-5.0
memendam,4.0
memendek,-3.0
mementingkan,4.0
memenuhi,-3.0
memergoki,-5.0
memerikan,3.0
memeriksa,-5.0
memerli,-5.0
memerusa,-4.0
memesonakan,2.0
memetuahkan,-3.0
memfasilitasi,2.0
memfatwakan,-3.0
memfitnah,-4.0
memidana,-3.0
memihak,-3.0
memihakkan,-4.0
memijak,-3.0
memikat,-1.0
memikirkan,-3.0
memikul,-5.0
memilin,-5.0
meminati,3.0
meminda,4.0
memindahkan,-2.0
meminta,1.0
memintasi,3.0
memipihkan,-3.0
memojokkan,-4.0
memolakan,4.0
memomokkan,-5.0
memorakporandakan,-3.0
memosisikan,-5.0
memotivasi,-4.0
memotong,-3.0
memperapikan,-2.0
memperbandingkan,-3.0
mempercantik,3.0
memperduakan,-3.0
memperelok,3.0
memperhitungkan,-1.0
memperindah,3.0
memperkacaukan,-4.0
memperkeruh,-4.0
memperkirakan,2.0
memperkuat,3.0
memperlihatkan,-3.0
mempermudah,-3.0
memperolahkan,-4.0
mempersakiti,-5.0
mempersiapkan,1.0
mempersoalkan,-4.0
mempersolek,3.0
mempertaruhkan,-3.0
mempertenggangkan,-3.0
mempertentangkan,1.0
mempertimbangkan,-3.0
memprediksi,1.0
mempromosikan,3.0
mempunyai,4.0
memuai,3.0
memuakkan,-5.0
memuaskan,0.0
memudahkan,1.0
memudar,2.0
memuji-muji,4.0
memukau,1.5
memukuli,-4.0
memuluskan,-1.0
memunculkan,3.0
memungut,-2.0
memupus,-5.0
memusingkan,0.0
memusnahkan,-5.0
memusuhi,-5.0
memvonis,-3.0
menabrak,-3.0
menabung,4.0
menadaburkan,-3.0
menafakurkan,-3.0
menafikan,-4.0
menafsirkan,2.0
menagak,-5.0
menagih,-3.0
menahan,-5.0
menahankan,-2.0
menahun,-5.0
menakali,-4.0
menakjubi,-1.0
menakjubkan,1.0
menaklukkan,-4.0
menaksir,1.0
menakutkan,-4.0
menambah,3.0
menambak,-5.0
menambus,-4.0
menampak,-4.0
menampakkan,-4.0
menampel,-3.0
menampik,-4.0
menancap,-4.0
menang,-0.5
menangap,-5.0
menanggang,-5.0
menanggapi,-1.0
menanggulangi,-5.0
menanggung,-2.0
menanggungkan,-5.0
menangis,-5.0
menangkal,-4.0
menangkap,0.0
menantang,-4.0
menarik,0.0
menasihatkan,-3.0
menata,-2.0
menating,3.0
menayangkan,2.0
mencabarkan,-4.0
mencabau,-4.0
mencaci,-5.0
mencaci-maki,-5.0
mencagil,-4.0
mencagun,-3.0
mencair,-1.0
mencak,-5.0
mencak-mencak,-5.0
mencakar,-4.0
mencalit,-3.0
mencampurbaurkan,-4.0
mencamuk,-4.0
mencangkum,-3.0
mencaplok,-3.0
mencarak,-3.0
mencari,-3.0
mencatut,-3.0
mencebikkan,0.5
mencebur,-5.0
mencecah,-3.0
mencecak,-3.0
mencederai,-4.0
mencegah,-5.0
mencegat,-3.0
mencekak,-4.0
mencekam,-4.0
mencekau,-2.0
mencekik,-4.0
mencekuh,-3.0
mencela,-5.0
mencelakai,-5.0
mencelampakkan,-3.0
menceluk,-3.0
mencemari,-4.0
mencemaskan,0.5
mencemat,-5.0
mencemooh,-5.0
mencemplung,-5.0
mencempung,-4.0
menceng,-4.0
mencengangkan,0.5
mencengkam,-4.0
mencengkau,-4.0
mencengkelong,-5.0
mencengkeram,-4.0
mencepung,-5.0
menceracau,-3.0
mencerat,-3.0
mencerca,-5.0
menceret,-5.0
menceritakan,3.0
mencerkau,-4.0
mencerna,3.0
mencerup,-3.0
mencetak,-5.0
mencibir,-5.0
mencibirkan,-5.0
mencicik,-5.0
mencilok,-3.0
mencinta,2.0
mencintai,3.0
mencintaimu,4.0
mencirit,-5.0
mencium,-3.0
menciut,-3.0
mencoblos,-3.0
mencocok,-3.0
mencolok,2.0
mencolong,-5.0
mencomot,-4.0
menconteng,-3.0
mencontengkan,-3.0
mencontoh,4.0
mencontohkan,4.0
mencopet,-5.0
mencoreng,-4.0
mencoret,-3.0
mencret,-4.0
mencuca,-5.0
mencucuk,-3.0
mencucut,-3.0
mencukupi,-3.0
mencungkil,-4.0
mencura,-5.0
mencurat,-1.0
mencuri,-5.0
mencurigai,1.0
mencuru,-3.0
mendahului,0.5
mendaifkan,0.0
mendakwa,-4.0
mendalam,0.0
mendamprat,-4.0
mendandankan,3.0
mendangkung,-3.0
mendapat,3.0
mendapati,-4.0
mendarat,-1.5
mendasar,-4.0
mendaulat,-5.0
mendebarkan,-4.0
mendedahkan,-4.0
mendekap,-3.0
mendemonstrasikan,-4.0
mendengu,-3.0
mendengung,-4.0
mendengungkan,3.0
menderaikan,3.0
menderita,-5.0
mendesak,-4.0
mendeteksi,3.0
mendiami,-3.0
mendiamkan,-3.0
mendidih,-3.0
mendidik,3.0
mendidis,-4.0
mendikte,3.0
mendindingi,-5.0
mending,-0.5
mendingan,-3.0
mendiskreditkan,-4.0
mendoa,0.5
mendompleng,-3.0
mendongkolkan,-5.0
mendorong,-4.0
menduga,1.0
mendung,-3.0
mendungas,-3.0
menduri,-4.0
mendusin,4.0
mendusta,-4.0
mendustai,-3.0
menebak,0.5
menebalkan,-3.0
menebarkan,3.0
menebat,-3.0
menebeng,-3.0
menebuk,-3.0
menegah,-5.0
menegangkan,-4.0
menegapkan,-3.0
menegarkan,2.0
meneguhkan,-3.0
meneguk,-3.0
menegur,-0.5
menekan,-3.0
menekankan,-3.0
menelaah,-1.5
meneladan,4.0
menelanjangi,-4.0
menelungkup,1.0
menelurkan,3.0
menelusuri,3.0
menembis,-5.0
menembok,-1.0
menembusi,3.0
menempati,-3.0
menempel,-3.0
menemukan,2.0
menenangkan,1.5
menendang,-5.0
menenes,-2.0
menengahi,-5.0
menenggang,-3.0
menengkar,-5.0
menengking,-5.0
menentang,-5.0
menentu,3.0
menep,-3.0
menepis,-3.0
menerbankan,-4.0
menerima,3.0
menerjang,-3.0
menerjunkan,-5.0
menerka,1.0
menerpa,-3.0
menetap,3.0
menetapkan,-5.0
menetes,-3.0
mengabaikan,0.5
mengabar,-5.0
mengabdi,-3.0
mengabsorpsi,-3.0
mengabulkan,-3.0
mengacak,-4.0
mengacau,0.0
mengacaukan,-4.0
mengada,-3.0
mengada-ada,-4.0
mengadang,-3.0
mengadili,-4.0
mengaduk,-4.0
mengadunkan,3.0
mengagak-agak,-3.0
mengagumkan,-0.5
mengaibkan,1.0
mengaji,4.0
mengakap,4.0
mengakar,5.0
mengalah,-2.0
mengalahkan,-4.0
mengalami,0.0
mengalem,4.0
mengalihkan,-5.0
mengalunkan,3.0
mengamalkan,-4.0
mengambang,-5.0
mengamput,-3.0
mengamuk,-2.0
mengandung,-3.0
mengandut,-3.0
menganeksasi,-5.0
menganggap,3.0
menganggar,3.0
menganggur,-4.0
mengangkat-angkat,4.0
mengangsur,1.0
menganjurkan,-3.0
mengantara,-3.0
mengantarai,-3.0
mengantisipasi,1.0
mengantongi,-2.0
menganugerahi,0.0
menganut,4.0
mengap,-3.0
mengapkir,-4.0
mengarah,-4.0
mengarahkan,3.0
mengarau,-4.0
mengaret,-3.0
mengarifi,3.0
mengarik,-3.0
mengartikan,1.0
mengasihani,4.0
mengasihi,0.0
mengasosiasikan,3.0
mengasuh,-2.0
mengata-ngatai,-5.0
mengatakan,3.0
mengaur,-3.0
mengawaki,5.0
mengawal,0.0
mengawali,-3.0
mengawasi,-2.0
mengayun,-3.0
mengayunkan,-3.0
mengazab,-3.0
mengazabkan,-3.0
mengebiri,-3.0
mengebumikan,-3.0
mengecamkan,3.0
mengecat,4.0
mengecerkan,-2.0
mengecewakan,-3.0
mengecilkan,0.5
mengedrop,-4.0
mengedut,-5.0
mengeja,3.0
mengejar,-4.0
mengejawantah,-3.0
mengejek,-4.0
mengejikan,-3.0
mengejutkan,-3.0
mengekang,-4.0
mengekol,-3.0
mengelakkan,-4.0
mengelih,-4.0
mengelis,-3.0
mengeloskan,3.0
mengelukan,-2.0
mengembang,1.0
mengembat,-5.0
mengembus,-4.0
mengempang,-5.0
mengempaskan,-3.0
mengempis,-3.0
mengemu,-3.0
mengemukakan,-3.0
mengenal,1.0
mengenang,3.0
mengenangkan,-3.0
mengencang,-3.0
mengendur,-3.0
mengenjak,-3.0
mengentak,-3.0
mengentengkan,1.0
mengenyam,-1.0
mengerem,-2.0
mengeremus,-4.0
mengerik,-3.0
mengerikan,0.0
mengerinyau,-3.0
mengerjakan,-4.0
mengerkau,-4.0
mengernai,-4.0
mengeroyok,-1.5
mengerti,0.0
mengerubungi,-1.0
mengerubuti,-4.0
mengeruh,-3.0
mengerut,-3.0
mengesahkan,-0.5
mengesak,-3.0
mengesampingkan,-4.0
mengesan,-3.0
mengesankan,4.0
mengesel,-5.0
mengesup,-3.0
mengetepikan,-4.0
mengetes,-3.0
mengetuk,3.0
menggabungkan,-3.0
menggadaikan,-3.0
menggaduhkan,-4.0
menggaet,-5.0
menggagalkan,-3.0
menggalakkan,-4.0
menggali-gali,-4.0
menggambari,3.0
menggampangkan,-3.0
mengganas,-4.0
mengganggu,0.0
mengganjar,1.0
mengganjari,0.0
mengganjarkan,-3.0
mengganyang,-1.5
menggarangkan,-4.0
menggarit,-3.0
menggarong,-5.0
menggasak,-5.0
menggebos,-5.0
menggegerkan,0.5
menggelabu,-4.0
menggelabur,-5.0
menggelapkan,-4.0
menggelecik,-3.0
menggeleng,-3.0
menggelesot,-1.0
menggeletar,-4.0
menggeliat,-3.0
menggeligi,-4.0
menggeligis,-4.0
menggelikan,-3.0
menggelincir,-1.0
menggelingsir,-3.0
menggelinyau,-3.0
menggelisahi,-4.0
menggelogok,-3.0
menggelorakan,-4.0
menggelup,-4.0
menggema,-4.0
menggemari,3.0
menggemaskan,-5.0
menggemparkan,1.0
menggempur,-4.0
menggemuruh,-4.0
menggentarkan,-4.0
menggeramus,-4.0
menggerebek,-3.0
menggerecoki,0.0
menggerenyam,-3.0
menggeret,-3.0
menggerinjam,-4.0
menggiatkan,-4.0
menggigih,-4.0
menggigil,-4.0
menggigis,-4.0
menggila,-4.0
menggilas,-4.0
menggodai,-3.0
menggondol,-5.0
menggores,-1.0
menggoyang,-3.0
menggoyangkan,-4.0
menggugat,-4.0
mengguguk,-5.0
menggulung,-4.0
mengguncangkan,-4.0
menggunting,-3.0
menggunung,-3.0
menggusari,-3.0
menghabisi,-4.0
menghabiskan,-4.0
menghadiahi,0.5
menghadiahkan,0.0
menghajatkan,1.0
menghalai-balaikan,-4.0
menghalang,-4.0
menghambat,-3.0
menghamuni,-5.0
menghancurkan,-4.0
menghancurluluhkan,-4.0
menghanguskan,-3.0
menghantui,-4.0
menghapus,-4.0
mengharamkan,-3.0
mengharap,-3.0
menghardik,-5.0
mengharubirukan,-4.0
mengharukan,-4.0
menghasut,-4.0
menghebat,-4.0
menghebohkan,0.5
menghembalang,-3.0
menghempas,-4.0
menghempaskan,-4.0
mengheningkan,-3.0
menghentikan,-5.0
mengherankan,0.0
menghidangkan,2.0
menghidu,-1.0
menghikayatkan,3.0
menghilang,-3.0
menghimpunkan,3.0
menghinakan,-0.5
menghinap-hinap,-3.0
menghindarkan,-4.0
menghinggapi,-3.0
menghinggut,-3.0
menghirukkan,0.0
menghirup,-3.0
menghisap,-1.0
menghitamkan,-4.0
menghubungi,1.0
menghujat,-4.0
menghukum,0.5
menghukumkan,-3.0
menghulu,-3.0
menghuni,-3.0
menghunjam,-4.0
mengias,-4.0
mengibai,4.0
mengidamkan,-2.0
mengikhtisarkan,-3.0
mengikuti,3.0
mengiler,3.0
mengimbangi,-2.0
mengimbas,3.0
mengimbasi,3.0
mengimbuhi,3.0
mengimbuhkan,4.0
mengimla,1.0
mengingat-ingat,2.0
mengingatkan,3.0
menginginkan,4.0
mengingkari,-4.0
mengingsar,-3.0
mengingsut,-3.0
menginjak,-3.0
menginjeksi,-3.0
menginsafi,3.0
menginsinuasi,-4.0
menginterprestasikan,1.0
menginterupsi,-5.0
mengipasi,3.0
mengira-ngira,3.0
mengirap,-3.0
mengirat,-1.5
mengirik,-3.0
mengirikan,-4.0
mengiris,-4.0
mengisbatkan,-3.0
mengisi,2.0
mengisruhkan,-4.0
mengistimewakan,-3.0
mengizinkan,3.0
mengkaji,-5.0
mengkal,-4.0
mengkhianat,-4.0
mengkhianati,-5.0
mengobarkan,-4.0
mengogah,-3.0
mengoleng,-3.0
mengoles,4.0
mengolet,-3.0
mengompori,-4.0
mengonarkan,-4.0
mengonfirmasi,-4.0
mengononkan,3.0
mengonslah,-5.0
mengonsumsi,-4.0
mengontak,1.0
mengonyok,-3.0
mengorek,-4.0
mengorek-ngorek,-4.0
mengorok,-3.0
mengorup,-5.0
mengotori,-5.0
mengotot,0.0
mengoyak,-4.0
mengoyak-oyak,-4.0
mengoyok,-4.0
menguar,-3.0
menguatkan,-3.0
mengubrakan,-3.0
mengubur,-3.0
menguburkan,-3.0
mengucapkan,3.0
mengucil,1.0
mengucup,2.0
mengucur,-3.0
mengudak,-4.0
menguit,-4.0
menguji,-5.0
mengukuhkan,-3.0
mengumaikan,3.0
mengumandang,-4.0
mengumbar,-3.0
mengumpat,-4.0
mengumpul,-3.0
mengumpulkan,3.0
mengumumkan,3.0
mengungkapkan,-4.0
menguntir,4.0
menguntiti,1.0
menguntungkan,0.0
mengunyah,-4.0
mengusai,-2.0
mengusap,-4.0
mengusili,0.5
mengusir,-4.0
mengutarakan,3.0
mengutil,-4.0
mengutuk,-5.0
menguyuh,-3.0
meni,1.0
menidurkan,-4.0
menikah,1.0
menikam,-4.0
menikmati,-3.0
menilai,-4.0
menilap,-4.0
menimang-nimang,-3.0
menimangkan,-3.0
menimba,4.0
menimbang,-3.0
menimbang-nimbang,-3.0
menimpa,-3.0
menimpuk,-5.0
menindas,-5.0
meninggal,-4.0
meninggalkan,-4.0
meninggi,-2.0
meningkah,-5.0
meninju,-3.0
menipis,-3.0
menipu,-3.0
menir,-4.0
meniru,4.0
menista,-4.0
menistakan,-0.5
meniti,2.0
menitis,-3.0
menjadi-jadi,1.0
menjaga,-3.0
menjahatkan,-4.0
menjahili,0.5
menjalani,3.0
menjalari,-3.0
menjambret,-5.0
menjamin,-5.0
menjapit,-4.0
menjarah,-4.0
menjarak,-3.0
menjaraki,-3.0
menjatuhkan,-4.0
menjauh,-3.0
menjauhkan,-4.0
menjebol,-3.0
menjeburkan,-5.0
menjejak,-4.0
menjejaki,-4.0
menjejali,1.0
menjelajah,3.0
menjelajahi,3.0
menjelang,3.0
menjelek-jelekkan,-4.0
menjelma,-3.0
menjemukan,-3.0
menjenguk,-4.0
menjeramah,-4.0
menjerit,-3.0
menjerkah,-5.0
menjijikkan,-5.0
menjilat,-3.0
menjilat-jilat,-2.0
menjiplak,-3.0
menjodohkan,-3.0
menjolok,-3.0
menjotos,-3.0
menjual,-5.0
menjunam,-4.0
menodai,-5.0
menokok,3.0
menolak,-4.0
menoleransi,-3.0
menolok,-3.0
menolong,4.0
menongkat,4.0
menongkrong,-1.5
menongkrongi,-3.0
menonjok,-3.0
menonjolkan,-3.0
menorehkan,1.0
mentab,2.0
mentang,-3.0
mentang-mentang,-4.0
mentok,-5.0
mentolo,-2.0
mentransformasikan,-5.0
menuba,-5.0
menubruk,-3.0
menugaskan,-1.0
menuguri,-3.0
menuju,-4.0
menukar,1.0
menukik,-4.0
menular,-4.0
menumang,-4.0
menumbuk,0.5
menumpang,-3.0
menumpas,-5.0
menumpuk,-3.0
menundukkan,-4.0
menung,-0.5
menunggangkan,-1.0
menunggu,-3.0
menunggui,-3.0
menunggunya,-2.0
menunjang,-3.0
menunjukkan,-3.0
menuntun,3.0
menuntut,-3.0
menunukan,-4.0
menurun,-3.0
menurunkan,-5.0
menurut,4.0
menusuk,-4.0
menusuk-nusuk,-4.0
menutup,-3.0
menuturkan,3.0
menyabak,-5.0
menyabet,-5.0
menyabot,-3.0
menyabung,-3.0
menyadari,2.0
menyadau,-3.0
menyadran,-4.0
menyagang,-3.0
menyakar,-5.0
menyakatkan,-4.0
menyakiti,-5.0
menyakitkan,-4.0
menyaksikan,1.0
menyala,0.0
menyalak,-3.0
menyalakan,-4.0
menyamakan,-3.0
menyaman,-4.0
menyampah,-4.0
menyampaikan,3.0
menyampingkan,-4.0
menyampuk,-3.0
menyandar,4.0
menyandingkan,-2.0
menyanggah,-4.0
menyanggupi,-5.0
menyangkak,-5.0
menyanjung,4.0
menyanjung-sanjung,2.0
menyantak,-3.0
menyantap,-4.0
menyanyi,4.0
menyanyikan,3.0
menyapih,4.0
menyapu-nyapu,-4.0
menyatroni,-5.0
menyatu,-4.0
menyatukan,-3.0
menyawar,-5.0
menyayang,4.0
menyayangi,4.0
menyayat,-4.0
menyayung,-4.0
menyebelah,-3.0
menyebelahkan,-5.0
menyeberang,-3.0
menyeberangi,3.0
menyebut,3.0
menyediakan,2.0
menyedihkan,-4.0
menyedot,-3.0
menyegam,-4.0
menyegarkan,3.0
menyeka,-4.0
menyekar,-4.0
menyela,-5.0
menyelak,-4.0
menyelakkan,-5.0
menyelami,-1.0
menyelang,-5.0
menyelar,-4.0
menyelekehi,-3.0
menyelentik,-4.0
menyelidiki,-5.0
menyelinap,-5.0
menyelir,-5.0
menyelubungi,-3.0
menyeluk,-3.0
menyelundupi,-3.0
menyeluruhi,-3.0
menyelusuh,-3.0
menyelusur,-3.0
menyemak,-5.0
menyemangati,-4.0
menyemangatkan,-3.0
menyembam,-4.0
menyembarangi,-5.0
menyembilu,-4.0
menyembul,-1.0
menyembulkan,-3.0
menyembunyikan,-3.0
menyembur,-1.0
menyemir,-5.0
menyemprot,-5.0
menyempurnakan,3.0
menyenangkan,0.5
menyengat,-4.0
menyenggak,-5.0
menyenggau,-4.0
menyeni,1.0
menyentak,-5.0
menyepelekan,0.0
menyepuk,-5.0
menyerah,-4.0
menyeramkan,-4.0
menyerampang,-5.0
menyerang,-3.0
menyerap,-3.0
menyerbu,-5.0
menyerempakkan,0.0
menyerikati,3.0
menyerobot,-5.0
menyerupai,4.0
menyeruput,-3.0
menyesak,-4.0
menyesal,-1.5
menyesali,3.0
menyesalkan,-5.0
menyesap,-3.0
menyesar,-3.0
menyeterui,-5.0
menyetor,-3.0
menyetrap,-3.0
menyetubuhi,-3.0
menyiapkan,1.0
menyiar,-4.0
menyiasat,-3.0
menyiat,-4.0
menyibuk,-2.0
menyidangkan,-1.0
menyikap,1.0
menyikat,-5.0
menyiksa,-5.0
menyikut,-5.0
menyilam,-3.0
menyimpang,-4.0
menyindir,-4.0
menyinggang,-4.0
menyingkap,-4.0
menyingkapkan,-4.0
menyingkirkan,-4.0
menyingsing,0.0
menyinkronkan,-1.0
menyirapkan,-4.0
menyisihkan,-2.0
menyisikan,-4.0
menyita,-5.0
menyodok,-3.0
menyodorkan,-3.0
menyogok,-5.0
menyolang,-3.0
menyolidkan,-3.0
menyolot,-4.0
menyongsong,-2.0
menyorong,-3.0
menyorongkan,-3.0
menyuap,-1.0
menyuapi,-3.0
menyuarakan,1.0
menyukai,1.5
menyulam,-5.0
menyulut,-4.0
menyumpahi,-5.0
menyunat,-5.0
menyunduk,-3.0
menyundut,-3.0
menyunggit,-4.0
menyungguhkan,-3.0
menyungkit,-4.0
menyuntik,-3.0
menyunu,-2.0
menyuplai,2.0
menyurut,-3.0
menyusahkan,-0.5
menyusup,-3.0
menyusuri,3.0
menyusut,-2.0
menyusutkan,1.0
meraban,-4.0
meracik,-4.0
meradang,-4.0
meragam,4.0
meragu,-4.0
meragukan,-3.0
merah,0.5
merahimi,4.0
merajalela,-4.0
merajam,-5.0
merakit,3.0
meralip,-5.0
meramalkan,0.5
merambak,-3.0
merampang,-4.0
merampas,-4.0
merampok,-5.0
merampus,-5.0
merana,-4.0
merancukan,-4.0
merandu,-4.0
meranggah,-3.0
merangkak,-3.0
merangkam,-4.0
merangkul,-3.0
merangkum,-3.0
merangkup,-3.0
merangkus,-4.0
merangsang,-4.0
meranyah,-5.0
merapal,1.0
merapat,1.0
merapatkan,-3.0
merapunkan,-4.0
merasa,-2.0
merasai,1.0
merasi,-3.0
merasuk,-0.5
merata,1.0
meraun,4.0
meraut,-3.0
merawat,-3.0
merawikan,3.0
merayah,-5.0
merayap,-3.0
merayapi,-3.0
merayau,-4.0
merdesa,-5.0
merdu,5.0
merebahkan,-3.0
merebak,-3.0
merebut,-3.0
merecok,-4.0
merecoki,0.5
meredam,-1.5
meredik,-5.0
meredup,-3.0
merefleksikan,-3.0
merejeng,-3.0
merekam,2.0
mereken,-3.0
merekomendasi,-3.0
merem,-2.0
meremang,-3.0
meremas-remas,3.0
merembes,-3.0
merembet,-4.0
meremehkan,-0.5
meremukkan,-4.0
merenangi,1.0
merencah,-4.0
merencanakan,3.0
merentak,-3.0
merentang-rentang,-5.0
merentangkan,3.0
merenung,3.0
merenungi,-3.0
merenungkan,-3.0
merenyam,-3.0
meresahkan,-4.0
merespon,3.0
meretek,-3.0
merger,3.0
meriah,3.0
meriang,-4.0
meriba,-3.0
meributkan,0.0
merilis,3.0
merinai,1.0
merincis,-4.0
merincukan,-4.0
merinding,-3.0
merindingkan,-4.0
meringankan,0.5
merinin,-3.0
merintangi,-4.0
merisak,-4.0
meriwayatkan,3.0
merobek,-4.0
merobohkan,-5.0
merogoh,-3.0
merogok,-3.0
merompak,-5.0
meronda,4.0
meronta,-3.0
merorod,-4.0
merosok,-3.0
merosot,-5.0
merua,-4.0
meruak,-4.0
merugi,-5.0
merukunkan,-3.0
merumung,-3.0
meruncing,4.0
merundung,-4.0
merunjang,-3.0
meruntuh,-4.0
meruntuhkan,-4.0
meruntun,-5.0
merunyamkan,-3.0
meruok,-5.0
merusakkan,-4.0
meruyup,-4.0
mesem,2.0
mesiu,-1.0
meski,-2.0
meskipun,-2.0
mesra,4.0
mesti,-3.0
mesum,-5.0
mesut,-4.0
metah,4.0
meteor,-4.0
metode,-5.0
mewajibkan,-2.0
mewakili,-3.0
mewalakkan,-5.0
mewarisi,3.0
mewarnai,4.0
mewek,-5.0
mewisuda,3.0
mewujud,-3.0
mewujudkan,-3.0
meyakinkan,3.0
mikat,2.0
mikir,-0.5
mikirin,-3.0
mikro,-3.0
mikroanalisis,3.0
mil,-3.0
milih,-2.0
milik,1.0
miliun,-5.0
mimpi,2.0
mimpian,2.0
mimpiin,-2.0
minat,4.0
minhaj,-4.0
minim,-3.0
minimal,-3.0
minta,-0.5
minum,-3.0
minus,-3.0
miring,-4.0
mirip,-0.5
miris,-4.0
misbah,4.0
miskin,-5.0
miss,-4.0
mitra,-1.0
mksh,2.0
mls,-4.0
mobil,1.0
moblong,3.0
modal,-0.5
modar,-5.0
model,3.0
moderator,-3.0
modern,3.0
modifikasi,2.0
modus,-3.0
moga,1.0
moga-moga,1.0
mogok,-5.0
mohon,0.0
mojang,2.0
momentum,3.0
momok,-4.0
moncong,-3.0
monggo,3.0
monopoli,3.0
montok,3.0
monyet,-3.0
mood,2.0
moral,4.0
morat-marit,-3.0
moratorium,3.0
morfin,-3.0
motel,1.0
motivasi,0.0
moyang,-4.0
muak,-5.0
mual,-5.0
muara,4.0
muas,5.0
muatan,-5.0
mucikari,-5.0
muda,-2.0
mudah,1.5
mudah-mudahan,1.0
mudahan,1.0
mudarat,-5.0
mudik,-3.0
mufaham,3.0
mufakat,4.0
muflis,-4.0
muhibah,4.0
mujarab,1.5
muji,2.0
mujur,4.0
mukhlis,0.5
mukibat,3.0
mukim,2.0
muktabar,3.0
muktamar,4.0
mula,-3.0
mulai,1.0
mules,-4.0
mullah,3.0
mulu,0.5
mulus,-0.5
mulut,-1.0
mumet,-4.0
mumi,-4.0
mumpung,-0.5
muncikari,-5.0
muncul,-1.0
munding,-3.0
mungil,-0.5
mungkar,-4.0
mungkin,-1.0
mungkir,-5.0
mungut,-2.0
muntah,-3.0
muntahan,-4.0
muntup,-3.0
mupeng,-2.0
murah,0.5
murahan,-4.0
muram,-4.0
murca,-4.0
murid,3.0
muring,-5.0
murka,-4.0
murtad,-5.0
murung,-4.0
murup,-3.0
murus,-5.0
musara,3.0
musibah,-5.0
music,1.0
musik,2.0
musir,-4.0
muskil,-2.0
muslim,3.0
musnah,-5.0
mustahil,0.5
mustaid,3.0
mustajab,4.0
mustaka,-3.0
mustakim,4.0
musuh,-4.0
musuhan,-4.0
musyawarah,-0.5
mutakhir,4.0
mutlak,-3.0
mutu,1.0
muwafakat,3.0
naas,-5.0
nabi,2.0
nabrak,-4.0
nada,2.0
naena,-2.0
nafkah,3.0
nahan,-3.0
nahas,-2.0
naik,1.0
naikkan,1.0
najis,-4.0
najisin,-4.0
nakal,-5.0
nala,-3.0
nanar,-4.0
nang,-5.0
nangis,-5.0
nanti,-2.0
nanya,-1.0
naon,-2.0
napa,-2.0
nape,-3.0
napsu,-3.0
narasi,-4.0
narkotik,-3.0
narkotika,-4.0
nasabah,4.0
nasi,2.0
nasihat,-3.0
natal,1.0
natur,3.0
natural,-1.0
naudzubillah,-5.0
ndak,-3.0
ndut,-4.0
neces,4.0
necis,1.5
negasi,-2.0
negosiasi,2.0
nekat,-1.0
nelangsa,-3.0
nemenin,2.0
nemu,-2.0
nenes,-2.0
neng,2.0
neraka,-5.0
nestapa,-1.0
next,-2.0
ngaceng,-5.0
ngadepin,-2.0
ngadu,-3.0
ngajak,1.0
ngakak,-2.0
ngaku,-0.5
ngalah,-0.5
ngambek,-5.0
ngamen,-3.0
ngancem,-4.0
nganggur,-3.0
ngantuk,-2.0
ngarep,-2.0
ngarti,-3.0
ngasih,0.5
ngatain,-5.0
ngeang,-4.0
ngeden,-2.0
ngeles,-3.0
ngeluh,-4.0
ngelupain,-1.5
ngenes,-4.0
ngerasa,-2.0
ngerasain,-0.5
ngeri,-4.0
ngerjain,-2.0
ngerti,0.0
ngertiin,-3.0
ngeselin,-5.0
ngesot,-2.0
ngespam,-3.0
ngestalk,-4.0
ngetawain,-4.0
ngga,-2.0
nggak,-1.0
ngidam,-2.0
ngikutin,-2.0
ngilang,-3.0
ngiler,-3.0
ngilu,-4.0
ngobrol,1.0
ngomel,-4.0
ngomongin,-3.0
ngopi,3.0
ngotot,-4.0
ngurusin,2.0
nian,4.0
nice,4.0
nihh,-3.0
nihil,-4.0
nikah,-0.5
nikmat,3.0
nikmati,3.0
nila,2.0
nilai,5.0
ninggalin,-4.0
nira,-3.0
nirmala,4.0
nis-,-3.0
nista,-5.0
nistaan,-5.0
njir,-3.0
noda,-4.0
nol,-3.0
nomine,5.0
nona,-3.0
nongol,-2.0
normal,1.0
novel,2.0
nuftah,3.0
nujum,-4.0
numpuk,-3.0
nunggu,1.0
nungguin,-0.5
nuri,3.0
nusuk,-3.0
nuzul,-4.0
nyakitin,-5.0
nyala,0.0
nyalahin,-4.0
nyali,0.5
nyaman,4.0
nyamleng,5.0
nyampah,-4.0
nyamuk,-1.0
nyana,3.0
nyangka,-3.0
nyanyang,-5.0
nyanyi,0.5
nyanyian,0.0
nyari,-2.0
nyariin,-2.0
nyasar,-4.0
nyata,1.0
nyebelin,-4.0
nyebut,-3.0
nyelekit,-4.0
nyenyak,-4.0
nyenyat,-4.0
nyenyeh,-4.0
nyerah,-3.0
nyeri,-4.0
nyesal,-4.0
nyesek,-4.0
nyesel,-5.0
nyet,-4.0
nyiksa,-4.0
nyinyir,-4.0
nyolong,-4.0
nyontek,-5.0
nyuruh,-3.0
obat,-3.0
objektif,4.0
obral,-3.0
obrolan,-4.0
obsesi,-0.5
obsolet,-5.0
ocehan,-4.0
odoh,-5.0
ogah,-3.0
ogah-ogahan,-4.0
ogel,-4.0
ok,4.0
okay,4.0
oke,2.0
okeey,2.0
oles,-4.0
olok,-4.0
olok-olok,-5.0
oma,-2.0
omong,-4.0
omongan,-4.0
onak,-4.0
onar,-5.0
ongkang-ongkang,-4.0
ongok,-3.0
only,1.0
onyak-anyik,-4.0
oon,-5.0
open,-3.0
operasi,1.0
opium,-3.0
oportunitas,3.0
oposisi,-3.0
opp,-1.0
ora,-3.0
orang-orangan,-3.0
orbit,-4.0
orde,3.0
ordo,3.0
organisasi,3.0
orientasi,3.0
orisinal,3.0
ornamen,5.0
orok,-3.0
osteoporosis,-5.0
otak,0.0
otaknya,-2.0
otek,-4.0
otentik,3.0
otomatis,3.0
otot,-4.0
oven,-4.0
ovipositor,-3.0
ovum,4.0
oyok,-3.0
oyong,-4.0
pa,-5.0
pacak,-4.0
pacar,-0.5
pacaran,0.0
pacarnya,2.0
pacul,-4.0
pada,-3.0
paduka,4.0
paganisme,-5.0
page,2.0
pagebluk,-5.0
pagi,-1.0
pagina,-2.0
pagon,3.0
pahala,0.5
paheman,4.0
pahit,-3.0
pailit,-5.0
pait,-4.0
pajak,-3.0
pakar,-1.0
pakat,4.0
paket,4.0
paksa,-4.0
palat,-5.0
pales,-4.0
palit,-3.0
palka,-3.0
palolo,-4.0
pamer,-3.0
pameran,-3.0
pamflet,-3.0
pamit,2.0
pampat,-5.0
pamrih,1.0
panar,-3.0
panas,0.5
pancakara,-4.0
pancaran,-3.0
pancaroba,1.0
pancur,-1.0
pandai,0.0
pandang,1.0
pandemi,-5.0
pandir,-5.0
pandu,3.0
pangeran,1.0
panggil,-1.0
panggul,4.0
pangkat,5.0
pangkur,-4.0
panglima,3.0
pangsa,-3.0
pangus,5.0
panik,-4.0
panil,4.0
panitia,3.0
panjang,2.0
panji-panji,-3.0
panorama,3.0
pantai,1.0
pantang,-4.0
pantar,1.0
pantas,-2.0
pantat,0.0
pantau,2.0
pantes,-1.0
pantesan,-2.0
panti,2.0
pantulan,3.0
papak,-3.0
papakerma,-5.0
papar,-3.0
paparan,3.0
para,2.0
para-para,2.0
parade,1.0
paradigma,3.0
parah,-5.0
paralelogram,-4.0
paramarta,4.0
paranormal,-2.0
parau,-4.0
pari-,-3.0
paripurna,1.0
pariwara,-3.0
parkir,1.0
parlemen,-3.0
parlente,-4.0
parokial,-3.0
parsel,2.0
partisipasi,3.0
paruh,-3.0
parut,-3.0
pas,3.0
pasak,-4.0
pasal,-4.0
pasang,4.0
pasif,-1.0
pasokan,-3.0
pasrah,0.0
pasti,3.0
pastikan,3.0
pasuk,-0.5
pasukan,-5.0
patah,-4.0
pataka,-3.0
patgulipat,-5.0
pati,-1.0
patos,-5.0
patroli,2.0
patuh,4.0
patuk,-5.0
patung,-3.0
patut,-1.5
pautan,-4.0
pawana,-4.0
paya,4.0
payu,2.0
payudara,-3.0
pdhal,-2.0
pecat,-5.0
pedar,-4.0
pedas,-4.0
pedes,-2.0
pedih,-4.0
pedofil,-5.0
peduli,1.5
pegah,5.0
pegang,-2.0
pegari,-3.0
pegawai,3.0
pejabat,-3.0
pejajaran,-4.0
pejatian,3.0
peka,2.0
pekak,-3.0
pekerja,3.0
pekerjaan,3.0
pekik,-5.0
pekikan,-5.0
pekir,-4.0
pekuk,-3.0
pelajar,1.0
pelajaran,2.0
pelak,-3.0
pelaksanaan,-4.0
pelamin,4.0
pelaminan,4.0
pelana,-3.0
pelancar,2.0
pelanggan,4.0
pelangi,4.0
pelantikan,-3.0
pelanting,-3.0
pelarasan,3.0
pelatih,3.0
pelayan,1.0
pelayanan,3.0
peleburan,3.0
pelecehan,-5.0
pelecok,-3.0
pelengkap,2.0
pelerai,-3.0
peles,-1.0
pelesapan,3.0
peleset,-4.0
pelesit,-4.0
pelet,-3.0
peletan,-3.0
pelihara,3.0
pelipuran,2.0
pelir,-5.0
pelit,-0.5
pelita,1.0
pelontar,-3.0
pelor,-3.0
pelosok,-3.0
pelosot,-3.0
peluk,-3.0
peluru,-3.0
pemaafan,5.0
pemain,-3.0
pemair,3.0
pemajangan,4.0
pemalak,-5.0
pemandangan,2.0
pemantapan,4.0
pemarah,-4.0
pematang,-4.0
pembabil,-4.0
pembahasan,1.0
pembaiatan,-3.0
pembalut,-3.0
pembangkang,-4.0
pembantah,-4.0
pembaruan,4.0
pembarut,-3.0
pembatalan,-3.0
pembeli,2.0
pembelit,-3.0
pembendung,-3.0
pemberadaban,-3.0
pemberian,-0.5
pemberitahuan,-3.0
pemberon-takan,-4.0
pembersih,-4.0
pembesar,-2.0
pembiasaan,3.0
pembimbing,3.0
pembohong,-4.0
pembudayaan,-5.0
pembungkus,-3.0
pemburu,-5.0
pemenang,3.0
pemenangnya,4.0
pemerasan,-4.0
pemerdaya,-4.0
pemikiran,-1.0
pemilik,3.0
pemilikan,3.0
peminta-minta,-4.0
pemisah,-3.0
pemuaian,3.0
pemuda,0.5
pemudaan,0.5
pemufakatan,4.0
pemuja,3.0
pemupusan,-3.0
penabalan,-3.0
penabung,3.0
penahan,3.0
penali,3.0
penambahan,2.0
penanda,-3.0
penandasan,3.0
penanganan,1.0
penanggalan,-4.0
penangguhan,0.5
penanggulangan,2.0
penanggung,-4.0
penangkalan,4.0
penangkis,-3.0
penanti,3.0
penarah,-3.0
penarung,-4.0
penasaran,-3.0
penat,1.0
penata,-3.0
pencahayaan,-3.0
pencatat,3.0
pencatatan,3.0
pencedok,3.0
pencegah,-0.5
pencegahan,4.0
pencemaran,-4.0
pencerahan,-3.0
pencet,-2.0
pencitraan,2.0
pencucuk,-3.0
pencukuran,-4.0
pendaftaran,3.0
pendahuluan,1.0
pendalaman,4.0
pendamai,-3.0
pendapatan,-0.5
pendataan,3.0
pendek,-0.5
pendekar,3.0
penderitaan,-5.0
penderma,3.0
pendidik,3.0
pending,-3.0
pendongkrak,-3.0
pendukung,4.0
pendusta,-4.0
penegasan,3.0
penelik,-3.0
penengah,-3.0
penentuan,3.0
penerang,4.0
penerangan,-0.5
penerima,2.0
penertiban,-2.0
peng-antara,-3.0
pengacauan,-4.0
pengajar,3.0
pengakuan,-0.5
pengalaman,2.0
pengalasan,3.0
pengaman,2.0
pengamitan,-4.0
pengandaian,3.0
pengang,-3.0
penganggur,-4.0
pengangguran,-4.0
pengangkatan,-3.0
pengangkut,1.0
pengangkutan,-5.0
pengantara,-3.0
pengap,-4.0
pengapit,4.0
pengar,-4.0
pengaruh,0.5
pengasih,0.0
pengasuh,3.0
pengebat,-3.0
pengecoh,-4.0
pengejawantahan,-3.0
pengeluaran,-3.0
pengembangan,3.0
pengembangannya,3.0
pengen,0.5
pengenalan,5.0
pengertian,3.0
pengesahan,-3.0
pengetahuan,4.0
pengetam,-3.0
penggabungan,3.0
penggali,-4.0
penggalian,4.0
pengganggu,-4.0
pengganti,0.0
penggaruk,-3.0
penggede,3.0
penggelapan,-4.0
penggentaran,-1.5
pengguguran,-3.0
pengguna,1.0
penggunaan,1.0
penghabisan,-3.0
penghalang,-5.0
penghambat,-5.0
penghapus,-3.0
penghapusan,-3.0
penghargaan,4.0
pengharmonisan,3.0
penghayatan,0.5
penghidupan,2.0
penghilangan,-3.0
penghimpunan,3.0
penghinaan,-5.0
penghisapan,-4.0
penghormatan,-3.0
penghuni,3.0
pengikat,-3.0
penginapan,2.0
pengindahan,-2.0
pengingkaran,-3.0
pengintai,-3.0
pengirim,1.0
pengiriman,-5.0
pengiring,-3.0
pengotoran,-4.0
penguasaan,3.0
pengukuhan,-3.0
pengukur,3.0
pengumpil,-3.0
pengumpulan,3.0
pengumuman,-3.0
pengungkit,-3.0
pengunjukan,-3.0
pengurus,3.0
peniadaan,-3.0
penimbunan,1.0
penindasan,-4.0
penindihan,-4.0
pening,-3.0
peninggalan,4.0
penipu,-4.0
penis,-5.0
peniti,-4.0
penjara,-4.0
penjelasan,3.0
penjelmaan,-3.0
penjenang,4.0
penjuru,-3.0
penobatan,-3.0
penodong,-5.0
penolak,-3.0
penolong,4.0
penongkat,3.0
pensiun,-3.0
pental,-3.0
penting,-0.5
pentung-pentungan,-4.0
penubuhan,-3.0
penumpang,-3.0
penumpil,3.0
penumpukan,1.0
penundukan,3.0
penunggu,0.5
penunjang,3.0
penurunan,-5.0
penurut,-3.0
penutup,-3.0
penutupan,-2.0
penuturan,-3.0
penyadaran,-3.0
penyadur,-3.0
penyakit,-4.0
penyalut,-3.0
penyambut,2.0
penyangga,-3.0
penyanggah,-4.0
penyangkal,-4.0
penyantun,4.0
penyap,-3.0
penyatuan,-0.5
penyebab,-3.0
penyelarasan,3.0
penyelesaian,2.0
penyelewengan,-4.0
penyelidikan,-5.0
penyemat,-4.0
penyempurnaan,3.0
penyepelean,-4.0
penyepit,-3.0
penyeragaman,1.0
penyerasian,3.0
penyerobotan,3.0
penyertifikatan,-4.0
penyesuaian,3.0
penyigian,-3.0
penyimpan,3.0
penyimpangan,-4.0
penyinaran,-3.0
penyodok,-3.0
penyokong,3.0
penyudah,-2.0
penyudahan,-3.0
penyumbat,-3.0
penyungkit,-3.0
pepak,-3.0
pepat,-3.0
pepet,-5.0
peradam,-5.0
peragaan,-3.0
perahu,-4.0
perai,3.0
perak,-1.5
peranakan,-0.5
perang,-3.0
perangsang,0.0
peranjat,-3.0
perantara,-4.0
perantaraan,4.0
perapian,-4.0
perata,2.0
perataan,2.0
perbaikan,3.0
perban,-3.0
perbantahan,-3.0
perbaraan,-4.0
perbedaan,-2.0
perbentrokan,5.0
perbincangan,-0.5
percabangan,-4.0
percaturan,-3.0
percaya,2.0
percederaan,5.0
percekcokan,-4.0
percuma,0.0
perdata,-3.0
perdebatan,-3.0
perdeo,4.0
perduli,4.0
pere,3.0
perebutan,-1.0
perembukan,4.0
perenyak,-4.0
peres,-3.0
peresapan,3.0
peretel,-4.0
perfek,1.5
pergabungan,-3.0
pergesekan,-4.0
pergeseran,5.0
pergi,-1.0
pergok,-5.0
perguaman,-4.0
perhatian,4.0
perhiasan,-4.0
perhimpunan,3.0
peri,3.0
peria,2.0
perian,3.0
perih,-4.0
periksa,-5.0
perilaku,2.0
perincian,3.0
pering,-3.0
peristiwa,0.0
perit,-4.0
perjuangin,3.0
perkakas,-3.0
perkara,-4.0
perkasa,4.0
perkawinan,-3.0
perkembangan,-1.0
perkiraan,3.0
perkolasi,3.0
perkomplotan,0.0
perkumpulan,3.0
perkutut,-3.0
perlahan-lahan,-4.0
perlawanan,-2.0
perlengkapan,-3.0
perlina,-3.0
perlu,2.0
perlup,3.0
permadani,3.0
permai,-4.0
permanen,3.0
permata,3.0
permenungan,-0.5
permufakatan,3.0
permukiman,3.0
permulaan,0.0
permusuhan,-5.0
pernik,3.0
perolehan,3.0
peronda,3.0
perosok,-4.0
perpaduan,4.0
perpanjangan,2.0
perpegangan,-2.0
persahabatan,4.0
persamaan,2.0
persangkutan,-1.0
persediaan,0.0
persekongkolan,0.5
persembahan,1.0
persen,2.0
persenan,2.0
persengketaan,-4.0
perseptif,3.0
perserikatan,3.0
perserupaan,4.0
persesuaian,4.0
persetubuhan,-3.0
persiapan,2.0
persoalan,-3.0
personalitas,1.0
persuasi,-3.0
pertahanin,1.0
pertahankan,1.0
pertanda,4.0
pertemuan,3.0
pertentangan,-5.0
pertiwi,0.0
pertolongan,4.0
pertukaran,1.0
pertumpahan,3.0
pertunjuk,-3.0
pertunjukan,-3.0
perubahan,4.0
perundungan,-4.0
peruntungan,0.5
perus,-5.0
perusahaan,3.0
perusuhan,-4.0
perut,3.0
perwira,4.0
perwujudan,-3.0
pesam,4.0
pesan,-0.5
pesanggrahan,2.0
pesat,0.5
pesawat,-3.0
peserta,-3.0
pesona,1.5
pesta,4.0
pestaka,4.0
petaka,-4.0
petanda,-3.0
petes,4.0
petir,-3.0
petugas,-3.0
petung,-3.0
petus,-3.0
pgen,-1.0
php,-4.0
pialang,-3.0
pica,-4.0
pihak,-3.0
pijat-pijat,-5.0
pikat,-4.0
pikir,-0.5
pikul,-2.0
pikulan,-2.0
pikun,-4.0
pilak,-5.0
pilih,-2.0
pilih-pilih,-3.0
pilihan,5.0
pilon,-3.0
pilu,-5.0
pinak,-3.0
pincang,-4.0
pindah,-1.0
pinggir,-4.0
pinggul,0.5
pingin,2.0
pingsan,-3.0
pinisepuh,3.0
pinky,3.0
pinter,2.0
pionir,3.0
pipis,-2.0
pipitan,-3.0
pisah,-3.0
pita,-4.0
pitnah,-3.0
piye,-3.0
please,-3.0
plong,3.0
plonga-plongo,-3.0
plongah-plongoh,-3.0
pls,-3.0
plus,2.0
pohon,-4.0
poin,2.0
pojok,-3.0
poko,-2.0
pokok,0.0
pokoknya,-3.0
pokonya,-2.0
pokta,5.0
pol,-3.0
pola,3.0
polemik,3.0
politik,-1.0
polos,-2.0
polusi,-4.0
pongah,-5.0
pongsu,-4.0
poor,-4.0
pop,5.0
popokan,-4.0
populer,5.0
porak-poranda,-5.0
porno,-5.0
porsi,4.0
portofolio,2.0
pose,3.0
positif,4.0
potel,-5.0
potensi,3.0
potol,-4.0
potong,-2.0
potongan,-2.0
prabu,4.0
praduga,-3.0
prahara,-3.0
prajurit,-1.5
prakiraan,3.0
praktis,4.0
pranatal,-3.0
prapendapat,-3.0
prasangka,-1.0
prasarana,3.0
prasetia,3.0
prawira,4.0
prayojana,3.0
prediksi,1.0
preferensi,3.0
prei,3.0
preinan,3.0
premium,2.0
preseden,1.0
presentasi,-3.0
presiden,3.0
pretel,-4.0
preventif,4.0
prigel,4.0
prihatin,-0.5
prima,4.0
primadona,5.0
primbon,4.0
primer,-4.0
primitif,-0.5
prinsipil,-4.0
probabilitas,3.0
problem,-4.0
prodeo,4.0
produk,3.0
produktif,2.0
profit,1.5
profitabel,4.0
prominen,5.0
promo,3.0
promote,3.0
prosa,-1.0
prosais,-3.0
prosedur,-4.0
proses,1.0
prospek,3.0
protektor,3.0
protes,-3.0
proud,5.0
provokasi,1.0
proyeksi,3.0
pseudonim,2.0
puadai,4.0
puaka,-4.0
puas,3.0
puasa,-2.0
puatang,-5.0
pub,-4.0
publikasi,2.0
pucat,-4.0
pudar,-0.5
puisi,-3.0
puja,4.0
puji,4.0
pukal,3.0
pukang,-3.0
pukau,0.5
pukauan,4.0
pukul,-1.5
pukulan,-3.0
pulak,-2.0
pulas,1.5
pulsa,-3.0
pulut,3.0
pumpun,-3.0
pun,-3.0
punah,-4.0
puncak,-3.0
pundi,2.0
pundi-pundi,2.0
pundung,-4.0
punia,4.0
puntianak,-5.0
puntung,-3.0
punya,3.0
pupus,-5.0
puputan,-3.0
purba,-3.0
purbasangka,-3.0
purna,3.0
purnama,-0.5
purusa,3.0
purwa,-2.0
pusaka,4.0
pusang,-5.0
pusat,3.0
pusing,-4.0
pusink,-3.0
puspa,4.0
puspamala,-3.0
puspita,3.0
pustaka,4.0
pusu,-4.0
pusung,-3.0
putau,-3.0
puterin,1.0
putih,-4.0
putus,-1.0
putusan,3.0
puyan,-4.0
puyeng,-4.0
qada,-2.0
qadim,3.0
queen,2.0
quran,3.0
raba,-1.0
rabak,-3.0
rabies,-4.0
rad,-3.0
radang,-4.0
radikal,-4.0
radikalis,3.0
radius,-4.0
radu,3.0
rafi,3.0
ragam,-4.0
ragu,-3.0
ragu-ragu,-3.0
raguk,-3.0
rahasia,0.5
rahayu,1.0
rahim,2.0
rahmat,-3.0
raib,-3.0
raih,2.0
raihan,2.0
rais,3.0
raiso,-3.0
rajah,1.0
rajam,-5.0
rajaman,-4.0
rajin,0.5
rakaat,-4.0
rakitan,3.0
rama,3.0
ramah,1.0
ramai,-1.0
ramaikan,3.0
ramal,-2.0
ramanda,3.0
rambang,-5.0
rame,0.0
rampak,-5.0
rampang,-2.0
rampas,-4.0
rampok,-5.0
rampuh,3.0
rampung,3.0
rana,4.0
ranai,-4.0
ranap,-5.0
rancak,0.5
rancap,-4.0
rancau,-3.0
randek,-3.0
random,-4.0
rang,-3.0
rangkai,-4.0
rangkap,-0.5
rangkul,-3.0
rangsang,-3.0
rani,4.0
rantai,-3.0
rantaian,-3.0
rantas,-3.0
rantus,-3.0
ranum,5.0
ranyah,-5.0
rapal,1.0
rapat,-1.0
rapet,-2.0
rapi,0.5
rapun,-5.0
rasa,-2.0
rasai,1.0
rasain,-3.0
rasialisme,-5.0
rasio,-1.5
rasionalitas,-4.0
rasisme,-5.0
rasuk,-0.5
rata,-1.5
ratap,-3.0
ratapan,-3.0
ratna,2.0
ratu,2.0
rawa,4.0
rawak,-5.0
rawan,-5.0
rawat,0.0
rayah,-5.0
rayu,-4.0
rayuan,-3.0
ready,1.0
reaksi,-1.5
reaksioner,3.0
real,2.0
realisasi,-3.0
realistis,4.0
realitas,-3.0
reba,-5.0
rebah,-0.5
rebak,-3.0
rebeh,-5.0
rebet,-5.0
rebut,-1.0
reca,-3.0
receh,-4.0
recehan,-4.0
recok,0.5
redam,-2.0
redang,-4.0
redik,-5.0
redup,-3.0
refleks,3.0
refleksi,3.0
refresh,2.0
regenerasi,1.0
reguk,-3.0
rejeki,4.0
reka,-0.5
rekaan,3.0
rekam,-0.5
rekan,1.0
rekognisi,5.0
rekonsiliasi,4.0
reksa,3.0
rektifikasi,1.0
rela,1.0
relai,-5.0
relasi,-0.5
relevansi,-1.0
religi,1.0
religiositas,3.0
relung,-2.0
rem,-5.0
remaja,-2.0
rembas,-5.0
rembuk,3.0
rembukan,3.0
remeh,-0.5
rempak,-4.0
remuk,-4.0
renang,1.0
rencana,-1.0
rendah,-5.0
rengeh,-3.0
renggang,-3.0
rengkuh,1.0
rengkuhan,1.0
rengsa,-5.0
renjana,0.0
renovasi,4.0
rentan,-4.0
renti,-3.0
renyang,-5.0
renyem,-3.0
reparasi,3.0
reply,2.0
repot,-5.0
represi,-4.0
reput,-3.0
reputasi,2.0
resah,-5.0
resam,3.0
resan,-5.0
resap,0.0
resek,-4.0
resep,3.0
reseptor,2.0
resesi,-5.0
residivis,-5.0
resistan,-2.0
resmi,2.0
resolusi,3.0
resonansi,-3.0
respon,2.0
respons,3.0
restan,-3.0
restoran,-4.0
resultan,-3.0
resurjensi,-5.0
retak,-4.0
retas,-3.0
retek,-3.0
revolusioner,1.0
rewel,-4.0
reyot,-3.0
rezeki,3.0
ria,0.5
riah,3.0
riang,3.0
rias,3.0
riasan,3.0
riba,-3.0
ribet,-4.0
ribut,0.0
ricuh,-0.5
rida,-0.5
riil,4.0
rilis,3.0
rim,-3.0
rimba,3.0
rinai,1.0
rinding,-3.0
rindu,-0.5
rindunya,-2.0
ringan,0.5
ringkas,-2.0
ringkih,-4.0
ringkik,-3.0
ringkus,-5.0
rintik,-3.0
rintis,0.0
rintisan,0.0
rip,-5.0
risa,-4.0
risi,-3.0
risiko,-3.0
riuk,-3.0
rizki,4.0
robek,-3.0
roboh,-5.0
roda,-5.0
rogoh,-3.0
rogok,-3.0
roh,4.0
rohaniah,2.0
rokok,-3.0
romantis,4.0
rombak,-2.0
rombeng,-3.0
rombengan,-4.0
rombongan,-4.0
romong,-4.0
rompak,-5.0
rompeng,-4.0
rompes,-4.0
rompoh,-4.0
rompok,-2.0
rompong,-3.0
rompyok,-5.0
ronda,2.0
rongga,-3.0
ronggang,-3.0
rongkol,-5.0
rongseng,-4.0
rongsok,-3.0
rongsokan,-3.0
rontok,-1.0
rosak,-3.0
rotan,4.0
rua,-4.0
ruai,-4.0
ruak,-4.0
ruang,-3.0
ruat,-4.0
rubuh,-5.0
rucah,-5.0
rudapaksa,-4.0
rudin,-5.0
rugi,-5.0
ruji,3.0
rumah,3.0
rumbing,-4.0
rumit,-5.0
rumor,-5.0
rumput,3.0
runcing,-4.0
rundung,-4.0
runtuh,-5.0
runtun,-5.0
runtut,3.0
runyam,-5.0
rupa,3.0
rupawan,2.0
rurut,-5.0
rusak,-0.5
rusuh,-1.5
rusuhan,1.0
rusuk,-4.0
rute,-1.0
ruwet,-4.0
ruyup,-5.0
sabak,-3.0
sabar,5.0
sabil,-4.0
sabit,-3.0
sad,-4.0
sadar,0.5
sadis,-5.0
sadu,3.0
sadur,-3.0
safa,-4.0
safih,-4.0
safinah,-3.0
sahabat,0.0
sahabatku,3.0
sahabatnya,3.0
sahaja,2.0
sahara,-2.0
sahut,1.0
sahutan,1.0
sains,3.0
saja,-3.0
sajak,-0.5
sajen,-4.0
saji,4.0
sakelek,4.0
sakit,-5.0
sakit-sakitan,-4.0
sakitnya,-4.0
sakral,-2.0
saksama,-1.5
saksi,1.0
salah,-4.0
salahku,-4.0
salak,-3.0
salamat,4.0
salambersama,1.0
salat,5.0
saldo,2.0
salim,4.0
salin,0.0
sama,3.0
sama-sama,-4.0
samad,3.0
samar,-5.0
sambang,2.0
sambar,-3.0
sambaran,-3.0
sambat,-3.0
sambatan,4.0
sambel,-2.0
sambit,-5.0
sambung,-3.0
sambut,3.0
sambutan,3.0
sami,3.0
sampah,-4.0
sampai,-1.0
sampean,-4.0
samping,-4.0
sampuk,-3.0
sampul,-3.0
sampur,-3.0
samseng,3.0
samun,3.0
sandaran,3.0
sanding,-2.0
sandung,-5.0
sangat,-1.0
sange,-5.0
sanggama,-2.0
sanggit,-3.0
sanggup,2.0
sangit,-5.0
sangka,0.0
sangkil,4.0
sangkut,-1.0
sangkut-paut,-0.5
sangsi,-2.0
sani,3.0
sanjung,2.0
sano,-4.0
santai,2.0
santer,4.0
santet,-5.0
santiran,3.0
santun,1.0
santunan,0.5
sapi,-3.0
sapit,-3.0
sapu,-3.0
sara,-3.0
sarak,-3.0
saran,-0.5
sarangan,-3.0
sarannya,1.0
sarap,3.0
sarau,-5.0
sarik,-3.0
sarit,-4.0
sarju,4.0
saruk,4.0
sarung,-3.0
sasana,-3.0
sastra,2.0
satelit,-3.0
satir,-0.5
satire,-3.0
satria,1.5
satu,1.0
sauk,3.0
saum,-2.0
sawala,3.0
sawat,-5.0
say,1.0
saya,-3.0
sayang,0.0
sayangnya,-1.0
sayap,-4.0
sayat,-4.0
sayid,1.0
sayu,-3.0
sayup,-3.0
seandainya,-1.0
searah,1.0
sebab,0.5
sebagai,-3.0
sebanding,0.0
sebandung,3.0
sebaran,-3.0
sebarang,-2.0
sebat,-1.0
sebel,-5.0
sebelah,-4.0
sebenarnya,4.0
sebenernya,0.0
sebentar,-2.0
seberang,-3.0
sebetulnya,4.0
sebit,-4.0
sebukan,3.0
secepatnya,3.0
sedap,5.0
sedat,-4.0
sedeng,0.5
sederhana,-1.0
sedi,-2.0
sedia,2.0
sediaan,-3.0
sedih,-5.0
sedihhh,-5.0
sedihnya,-5.0
sedikit,-4.0
sedikit-dikitnya,-3.0
sedu,-5.0
seemak,3.0
seenak,-4.0
seenaknya,-4.0
segar,4.0
segeh,3.0
segenap,2.0
segera,0.0
segi,-4.0
segitu,-3.0
segitunya,-3.0
sehat,1.5
seia,3.0
seibu,3.0
seindah,3.0
sejadah,3.0
sejati,3.0
sejenak,1.0
sekadar,-3.0
sekah,3.0
sekali,-1.0
sekali-kali,3.0
sekam,0.0
sekar,5.0
sekata,3.0
sekedup,-3.0
seko,-3.0
sekolah,3.0
sekongkol,-4.0
sekongkolan,-4.0
sekop,-3.0
seksi,-3.0
seksologis,-2.0
seksualitas,-5.0
sekurang-kurangnya,-3.0
sekutu,-3.0
seladang,-3.0
selagi,-2.0
selamat,5.0
selamatan,4.0
selap,-3.0
selaras,3.0
selawat,3.0
selayaknya,3.0
selebaran,-3.0
seleder,-5.0
selekeh,-5.0
selektif,-3.0
selempang,-5.0
selenggara,3.0
selengkapnya,1.0
selera,3.0
selerang,-5.0
selesa,3.0
selesai,-1.0
selesma,-3.0
seleweng,-5.0
selfie,2.0
selia,-4.0
selidik,-0.5
selingkuh,-5.0
selingkuhan,-5.0
selir,-4.0
selisih,-4.0
selit-belit,-3.0
selokan,-4.0
seloroh,3.0
selubung,-5.0
seluk-beluk,-4.0
selulur,-2.0
seluruhnya,-3.0
selusur,-3.0
semak-semak,3.0
semakin,2.0
seman,-5.0
semangat,1.5
semangatin,-1.0
semaput,-4.0
semarak,3.0
semata-mata,-2.0
semau,-3.0
semayam,-3.0
sembah,-2.0
sembahyang,5.0
sembahyangan,4.0
sembam,-4.0
sembarang,-4.0
sembarangan,-4.0
sember,-4.0
sembir,4.0
semboyan,2.0
sembrono,-5.0
sembuh,4.0
sembul,-1.0
sembunyi-sembunyi,-4.0
sembur,-1.0
semburan,-4.0
semena,-3.0
semena-mena,-5.0
semenggah,-5.0
sementara,-4.0
sementung,-5.0
semerbak,2.0
semi,0.0
semok,-4.0
sempelah,-4.0
sempit,-4.0
semprot,-5.0
semprotan,-5.0
sempuras,-3.0
sempurna,0.0
semrawut,-5.0
semringah,4.0
semu,3.0
semua,-3.0
semuanya,-3.0
senang,0.5
senat,-3.0
sendal,-3.0
sendiri,-3.0
sendirian,-3.0
sendu,-2.0
seneng,2.0
senengnya,-1.0
senewen,-4.0
sengaja,-2.0
sengal,-4.0
senging,-5.0
sengsara,-5.0
seni,-1.5
senior,-3.0
senjang,-1.5
senonoh,-5.0
sensasi,-5.0
sensi,-4.0
sensibel,2.0
sensitif,1.0
sentakan,-5.0
senteng,-5.0
sentilan,-5.0
sentimen,-3.0
sentong,-3.0
sentosa,5.0
sentuh,-0.5
sentuk,-4.0
senyampang,-4.0
senyap,-1.5
senyum,0.5
senyuman,4.0
senyumin,3.0
senyumnya,3.0
senyur,-4.0
sepada,3.0
sepak,-3.0
sepakat,4.0
sepantar,1.0
sepantasnya,2.0
separuh,-3.0
sepatu,3.0
sepatutnya,2.0
sepele,0.0
sepenuhnya,-3.0
seperti,-1.0
sepertinya,-2.0
sepi,-3.0
sepihak,-3.0
sepit,-3.0
sepuh,-1.0
serabutan,-5.0
seraga,-3.0
seragam,1.0
serah,-0.5
serak,-4.0
serakan,-3.0
seram,-4.0
serampangan,-5.0
serampu,-3.0
seranah,-3.0
serang,-4.0
serangan,-3.0
serapah,0.0
serasi,0.0
serawak,-3.0
seraya,4.0
serbasama,3.0
serbaserbi,3.0
serem,-5.0
seremeh,3.0
serempak,3.0
serenging,-5.0
serengit,-4.0
serentak,3.0
serep,2.0
serik,-3.0
serindai,-5.0
sering,3.0
seringai,0.0
seringing,-4.0
serius,-5.0
sero,3.0
serobot,-3.0
serong,-4.0
serpihan,-4.0
serta,2.0
serta-merta,3.0
seru,0.0
seruh,0.0
serunda,2.0
serundai,2.0
serupa,-3.0
serutu,-3.0
servis,3.0
sesaji,4.0
sesak,-3.0
sesal,-1.5
sesalan,-2.0
sesambat,1.0
sesat,-4.0
sesuai,3.0
sesungguhnya,4.0
setan,-4.0
setara,2.0
setek,-4.0
setengah,-3.0
seteru,-4.0
setia,-4.0
setimbang,-3.0
setimpal,-1.5
setip,-3.0
setir,1.0
setuju,0.5
setujuan,4.0
sewajarnya,2.0
sewal,-5.0
sewenang-wenang,-5.0
sewot,-2.0
shabu-shabu,-3.0
shalat,4.0
sharing,3.0
shiawase,2.0
sholat,5.0
show,2.0
shy,-3.0
sia,-5.0
sia-sia,-4.0
sial,-5.0
sialan,-5.0
sian,-3.0
siap,1.0
siapa,-0.5
siapanya,-2.0
siaran,-3.0
sibuk,0.5
sidang,-1.0
sifer,-3.0
sigap,0.5
sigar,-3.0
signifikansi,-1.0
sihh,-2.0
sikap,2.0
sikit,-3.0
siklon,-4.0
siksa,-5.0
siksaan,-5.0
sila,-1.5
silah,3.0
silahkan,3.0
silakan,1.0
silam,-4.0
silang,-4.0
silap,-4.0
silaturahim,4.0
silir-semilir,2.0
silu,-5.0
siluman,-5.0
simak,-1.0
simbah,-3.0
simbok,2.0
simetris,3.0
simpan,-3.0
simpanan,0.0
simpang,-4.0
simpang-siur,-4.0
simpat,4.0
simpatik,-1.0
simpatisan,3.0
simpel,3.0
simple,3.0
simpleks,3.0
simplistis,3.0
simpuh,0.0
simpul,3.0
sin,-1.0
sindir,-3.0
sindiran,-3.0
sing,5.0
singgah,-2.0
singgung,-2.0
singkap,0.0
singkat,-3.0
singkil,-4.0
singkir,-5.0
single,3.0
singsing,3.0
sinkron,1.0
sinkronisasi,3.0
sintal,3.0
sintetis,3.0
sinting,-5.0
sinuhun,4.0
siph,2.0
sipongang,-3.0
sir,0.0
sir-siran,0.0
siratan,-3.0
sirik,-5.0
sirkuler,-3.0
sirna,-2.0
sisa,-4.0
sisih,-2.0
sistem,-4.0
sistematik,-3.0
sistematis,-3.0
siswa,3.0
sitoplasma,-5.0
siuman,3.0
sivilisasi,-3.0
size,1.0
sketsa,2.0
skors,-3.0
slebor,-5.0
slip,-5.0
slow,1.0
smartphone,1.0
smga,1.0
smpai,1.0
snapback,2.0
soak,-5.0
soal,-1.0
soalnya,-1.0
sob,2.0
sobat,0.0
sobek,-3.0
sodok,-3.0
soe,-5.0
sogok,-4.0
sogokan,-4.0
sohib,3.0
sohor,1.5
sokong,3.0
solah,4.0
solat,1.0
soleha,3.0
solek,-4.0
solo,2.0
solokan,-4.0
solusi,3.0
solusinya,3.0
sombong,-3.0
someng,-4.0
somplak,-4.0
soms,-4.0
songsong,-2.0
sontak,-4.0
sorak,-3.0
sorang,-2.0
sorangan,-3.0
sorongan,4.0
sorry,-4.0
sosi,-5.0
sosial,4.0
sosialistis,3.0
sosialita,5.0
sotau,-4.0
sotoy,-4.0
spam,-3.0
sparing,3.0
special,4.0
spektakel,-3.0
spesial,4.0
spesialis,4.0
spesialisasi,3.0
spesifikasi,3.0
spion,-3.0
sponsor,2.0
spontan,3.0
sporadis,2.0
sportif,3.0
sput,1.0
sreg,2.0
sregep,4.0
stabil,3.0
stabilitas,4.0
stagnan,-1.0
stagnasi,-5.0
stalk,-4.0
stalking,-4.0
stamina,3.0
standar,-2.0
standardisasi,2.0
statis,0.5
statistik,1.0
stok,-3.0
stop,0.0
stori,-5.0
streng,1.0
stres,-4.0
stress,-5.0
struktur,3.0
studi,4.0
stupa,4.0
suak,-2.0
suap,-1.0
suapan,4.0
suara,0.5
suari,-3.0
suasana,4.0
subang,-1.0
sublim,3.0
substansi,1.0
substansial,1.0
subur,2.0
subversif,-4.0
suci,1.5
sudah,0.5
sudahlah,-3.0
sudi,-0.5
sudu,-3.0
sugesti,-0.5
suguh,2.0
suguhan,4.0
suka,1.0
suka-suka,3.0
sukacita,2.0
sukar,0.0
sukarela,1.0
sukaria,-3.0
sukat,3.0
sukatan,-5.0
sukses,3.0
sulalah,-3.0
sulfur,-3.0
sumarah,-4.0
sumbang,-4.0
sumbat,-3.0
sumbing,-4.0
sumbu,2.0
sumpah,0.0
sumpal,-3.0
sumpek,-4.0
sumpit,-3.0
sumringah,4.0
sun,-3.0
sunam,-3.0
sunan,4.0
sunduk,-3.0
sundut,-3.0
sungguh,1.5
sungguh-sungguh,2.0
sungguhpun,-3.0
sungkan,-4.0
sungkap,-3.0
sungkawa,-3.0
suni,-4.0
suntuk,0.5
sunu,-2.0
sunyi,-1.0
supaya,-3.0
super,0.5
superior,4.0
suplai,-0.5
suplemen,5.0
suporter,3.0
support,4.0
surah,-4.0
suram,-5.0
surau,2.0
suri,-1.0
surih,-3.0
suruh,-2.0
surup,-5.0
surut,-4.0
susah,-3.0
susahnya,-3.0
susila,-2.0
suspend,-3.0
susu,-4.0
susuh,-4.0
susuk,-0.5
susup,-2.0
susut,-0.5
sutradara,-3.0
suudzon,-4.0
suvenir,4.0
swagriya,2.0
sweet,3.0
syahwat,-2.0
syair,-3.0
syak,-3.0
syarikat,3.0
syedi,-4.0
syedih,-5.0
syg,3.0
syukur,5.0
syukuri,3.0
syur,-3.0
ta,-3.0
taat,1.0
tabah,5.0
tabe,3.0
tablig,1.0
tabrak,-3.0
tabung,3.0
tabungan,0.0
taburan,-3.0
tae,-4.0
tafsir,2.0
tagar,-3.0
tagih,-3.0
tagut,-4.0
tahan,-0.5
tahi,-5.0
tahu,0.0
tai,-5.0
taik,-5.0
tais,-3.0
tajak,-3.0
tajali,3.0
tajam,1.0
taji,-4.0
takar,3.0
takaran,-5.0
takda,-2.0
takjub,1.5
takrif,3.0
taksir,1.0
taksiran,5.0
takul,-3.0
takut,-1.5
takyin,3.0
takzim,3.0
talak,-3.0
talas,-3.0
talen,2.0
talenan,-5.0
talenta,4.0
talun,-3.0
taman,1.0
tamat,-0.5
tambah,3.0
tambahan,5.0
tambak,-3.0
tambeng,-5.0
tambun,-3.0
tampak,-1.0
tamparan,-3.0
tampik,-4.0
tampil,-1.0
tampilan,1.0
tampuk,-3.0
tanda,-2.0
tanda-tanda,4.0
tandang,-0.5
tandanya,-2.0
tanding,2.0
tanduk,-2.0
tangan,1.0
tanganan,3.0
tanggal,-4.0
tanggap,3.0
tanggapan,3.0
tangguh,1.5
tanggul,-3.0
tanggulang,2.0
tanggung,-2.0
tanggungan,-3.0
tangis,-5.0
tangisan,-5.0
tangkap,-3.0
tangkapan,-3.0
tangkas,-1.0
tangkis,-3.0
tangkisan,3.0
tangkul,3.0
tangsel,3.0
tantang,-4.0
tanur,-4.0
tanya,0.0
tapa,2.0
tapa-tapa,-3.0
tara,2.0
taraf,0.5
tarak,-3.0
tarekat,-1.0
tari,1.0
tarik,2.0
taruh,4.0
taruhan,3.0
tarung,-3.0
tasamuh,5.0
tata,0.5
tatah-tatah,-5.0
tatak,-4.0
tatap,1.0
tau,-4.0
tauk,-3.0
taun,-5.0
taut,-1.0
tauu,-3.0
tawakal,3.0
tawar,-4.0
tawarikh,3.0
tawon,-3.0
tayang,3.0
tayib,0.5
tayibah,0.5
tbc,-3.0
team,1.0
tebak,0.5
tebaran,-3.0
tebat,-3.0
tedak,-4.0
tedas,3.0
teduh,0.0
tega,-5.0
tegal,-4.0
tegang,4.0
teganya,-4.0
tegap,3.0
tegar,-1.0
teguk,2.0
tegun,-3.0
tegur,-0.5
teguran,0.0
teh,1.0
teja,4.0
tekad,0.5
tekak,-5.0
tekan,-1.0
tekanan,-3.0
tekek,-3.0
teknik,-4.0
teks,-3.0
tekun,4.0
tela,3.0
telaah,0.0
teladan,0.5
telak,-3.0
telan,-5.0
telantar,-4.0
telat,-5.0
telaten,4.0
teledor,-5.0
telerang,-3.0
teles,-4.0
telik,-2.0
telimpuh,-3.0
telungkup,1.0
tembak,-5.0
tembak-menembak,-5.0
tembakau,-3.0
tembam,-4.0
tembelang,-5.0
tembis,-3.0
tembok,-1.0
tembus,3.0
temenan,-2.0
temenin,-3.0
temennya,1.0
tempat,-3.0
tempelak,-5.0
tempik,-4.0
tempo,-1.5
tempo-tempo,3.0
tempoh,3.0
temporer,-4.0
temu,2.0
tenaga,3.0
tenang,2.0
tendang,-3.0
tendas,-4.0
tendensi,-3.0
tengah,2.0
tengak,-4.0
tenggak,-3.0
tenggalam,-3.0
tenggan,-3.0
tenggang,-1.5
tenggarang,-4.0
tenggelem,-3.0
tengkar,-4.0
tengking,-5.0
tengkingan,-5.0
tengkoh,-3.0
tengku,-4.0
tengkulak,-5.0
tengkuluk,3.0
tengkurap,2.0
tengok,0.0
tensi,-4.0
tentang,-0.5
tentangan,0.0
tentu,-3.0
teologis,-4.0
teoretis,3.0
tepercaya,3.0
tepergok,-5.0
teperlus,-4.0
tepi,-4.0
tepu,-3.0
terabai,-3.0
teraduk,-3.0
teragung,-4.0
terajam,-4.0
terajang,-3.0
terala,3.0
terali,-4.0
teralienasi,-3.0
terambau,-5.0
terampil,0.5
terang,-0.5
teranggar-anggar,3.0
teraniaya,-4.0
teranyar,4.0
terasing,-5.0
teraso,4.0
teratas,3.0
teratur,0.0
terawat,5.0
terbaik,5.0
terbakar,-2.0
terban,-4.0
terbangai,-3.0
terbangun,3.0
terbanting,-1.0
terbaring,2.0
terbaru,4.0
terbatas,3.0
terbayan,3.0
terbayang,3.0
terbayang-bayang,3.0
terbelakang,-3.0
terbelenggu,3.0
terbenam,-5.0
terbentur,-4.0
terberak,-5.0
terbesit,-2.0
terbiar,-3.0
terbiasa,3.0
terbongkar,-3.0
terbuang,-2.0
terbuka,0.0
terbukti,3.0
terbuni,-5.0
terburu,-3.0
tercampak,-5.0
tercantol,-3.0
tercapai,3.0
tercebur,-5.0
tercecer,-3.0
tercekluk,-3.0
tercela,-4.0
tercelampak,-5.0
tercemas,-3.0
tercemplung,-1.5
tercengang,-0.5
tercengang-cengang,-3.0
tercengung,-3.0
tercerai,-3.0
tercermin,3.0
tercinta,4.0
terdaftar,1.0
terdahulu,4.0
terdampar,-5.0
terdamping,1.0
terdedah,-3.0
terdekat,1.0
terderita,-4.0
terdesak,-4.0
terekspos,-4.0
terempas,-5.0
terencana,2.0
tergamak,-4.0
tergambar,-0.5
terganjal,-4.0
tergantung,3.0
tergelak,4.0
tergelecik,-4.0
tergeleng-geleng,0.5
tergeliat,-3.0
tergelicik,-3.0
tergelincir,-1.0
tergelingsir,-3.0
tergeluncur,-3.0
tergemap,-3.0
tergila-gila,3.0
tergolong,-3.0
terguling,-3.0
tergulir,-3.0
terguncang,-3.0
terhalang,0.0
terhambat,-4.0
terhempas,-5.0
terhenti,-3.0
terhindar,-4.0
terhunjam,-3.0
teriak,-2.0
teriakan,-4.0
terikat,3.0
terima,2.0
terimakasih,5.0
terimaksih,4.0
terindah,5.0
teriris,-5.0
terisolasi,-3.0
terjadi,3.0
terjadinya,3.0
terjaga,2.0
terjajah,3.0
terjamin,5.0
terjang,-3.0
terjeblos,-1.5
terjemahan,3.0
terjengkang,-5.0
terjepit,-4.0
terjerembab,-2.0
terjerohok,-4.0
terjerumus,-4.0
terjumpa,-4.0
terjun,-1.0
terjungkal,-2.0
terka,1.0
terkadang,3.0
terkadang-kadang,3.0
terkait,-3.0
terkam,-4.0
terkapah-kapah,0.5
terkejar,-5.0
terkelik,-3.0
terkemuka,5.0
terkenal,5.0
terkencar-kencar,-4.0
terkesima,1.5
terkikis,-3.0
terkilan,3.0
terkilir,-3.0
terkini,3.0
terkocok,-3.0
terkoneksi,3.0
terkuak,-5.0
terkutuk,-5.0
terlalah,-5.0
terlalaikan,-3.0
terlalu,-3.0
terlampau,-5.0
terlangah,-3.0
terlanggar,-4.0
terlangkaui,-5.0
terlanjur,-1.0
terlengar,-4.0
terlepas,-5.0
terlewat,-1.0
terlibat,3.0
terlindung,4.0
terluang,-0.5
terluka,-5.0
terlukis,0.0
terlulur,-3.0
termakan,0.0
termasuk,-3.0
termasyhur,4.0
terminal,-3.0
terminasi,-3.0
termuat,-3.0
termulia,3.0
ternoda,-5.0
teror,-5.0
terowongan,-4.0
terpa,-4.0
terpacak,-3.0
terpacul,-4.0
terpaksa,-4.0
terpaku,-3.0
terpalit-palit,-3.0
terpana,-0.5
terpancang,-3.0
terpangah,-4.0
terpaut,-4.0
terpegah,5.0
terpelajar,4.0
terpelanting,-3.0
terpelecok,-3.0
terpelekok,-3.0
terpeleset,-4.0
terpelihara,4.0
terpencil,-5.0
terpendam,-5.0
terpengaruh,-4.0
terperanjat,-3.0
terperengah,-1.0
terperenyak,-4.0
terperinci,3.0
terperosok,-5.0
terperuk,-4.0
terpesona,1.5
terpisah,-5.0
terpojok,-4.0
terpotong,-3.0
terpuji,4.0
terpukau,0.5
terpukul,-1.5
terpulang,-3.0
terpuruk,-4.0
terror,-5.0
tersadar,3.0
tersaji,4.0
tersaku,-3.0
tersampai,2.0
tersampuk,-4.0
tersangkut,-3.0
tersantet,-3.0
tersapu,-3.0
tersayat,-5.0
tersedia,4.0
tersekat,-5.0
terselak,-3.0
terselenggaranya,3.0
terselip,-3.0
terselubung,-5.0
terselulur,-2.0
terselusur,-3.0
tersem-bunyi,5.0
tersendat,4.0
tersengal-sengal,-0.5
tersengut-sengut,-5.0
tersentuh,-2.0
tersenyum,4.0
terserah,-3.0
terserak,-3.0
terseret,-3.0
tersia-sia,-3.0
tersiar,-3.0
tersiksa,-5.0
tersila,-3.0
tersimbah,-5.0
tersinggung,-5.0
tersingkap,-3.0
tersingkir,-5.0
tersirah,-5.0
tersirep,-3.0
tersisih,-5.0
tersohor,2.0
tersuguh,2.0
tersumbat,-5.0
tersungging,5.0
tersungkap,-3.0
tersuntuk,-4.0
tersuruk,-5.0
tersusul,-3.0
tertabrak,-4.0
tertanam,-5.0
tertancap,-3.0
tertangguh,-3.0
tertanggung,-4.0
tertarik,2.0
tertata,-0.5
tertawa,5.0
tertawan,-3.0
tertegak,-4.0
tertegun,-3.0
tertenung,-3.0
tertib,1.0
tertindas,-5.0
tertinggal,-3.0
tertinggi,3.0
tertubruk,-4.0
tertuju,-3.0
tertulang,-1.5
tertular,-4.0
tertumbuk,-4.0
tertunda,-3.0
tertutup,-5.0
terudak,-3.0
terungkap,-3.0
terurus,4.0
terus-menerus,4.0
terutama,4.0
terzalimi,-5.0
tesis,-3.0
testimoni,3.0
tetap,3.0
tetas,-4.0
tetek,-4.0
tetes,-3.0
tetiba,-3.0
tetua,-2.0
tewas,-2.0
thank,4.0
thanks,3.0
tiada,-2.0
tiara,3.0
tidak,-5.0
tidur,0.0
tiduran,-2.0
tidurin,-2.0
tikai,-4.0
tikar,3.0
tike,-3.0
tilam,-4.0
tilap,-4.0
tilas,-3.0
tim,-4.0
timang,-1.0
timbal,-2.0
timbalan,1.0
timbangan,-5.0
timbul,-3.0
timbun,-1.0
timburu,-5.0
timpa,-3.0
timpal,2.0
timpang,-4.0
timpuk,-5.0
tindakan,3.0
tindas,-5.0
tindih,-4.0
tindik,-3.0
tingau,-4.0
tinggal,-1.0
tinggalan,4.0
tinggalkan,-3.0
tinggi,0.5
tinggikan,-2.0
tingkah,-5.0
tingkat,1.0
tingkeb,-3.0
tinja,-5.0
tinju,-5.0
tip,0.5
tipeks,-3.0
tips,4.0
tiri,-2.0
tiris,3.0
tiruan,3.0
titi,-0.5
titian,-4.0
titik,-3.0
titis,-3.0
tiup,-3.0
tiup-tiup,-3.0
tkde,-1.0
tlg,3.0
tobak,-3.0
tobat,-2.0
toboh,-4.0
tokcer,4.0
tokok,3.0
tolak,-4.0
tolakan,4.0
tolol,-5.0
tolong,0.5
tongkeng,5.0
tongkrong,1.0
tongong,-3.0
tonjok,-5.0
tonton,-4.0
top,5.0
topan,-3.0
topek,-4.0
topo,-5.0
toreh,1.0
tq,4.0
tradisional,-5.0
tragedi,-5.0
traktat,3.0
transaksi,4.0
transendental,3.0
transparan,3.0
transparansi,2.0
trauma,-0.5
traumatis,-4.0
travesti,-5.0
trayek,-4.0
trek,-3.0
tren,-2.0
trendi,3.0
trengginas,5.0
tresna,0.5
trima,1.0
trimakasih,4.0
trims,4.0
tt,-2.0
tua,-4.0
tuah,-1.0
tuak,-3.0
tuas,-3.0
tubruk,-3.0
tubuh,-4.0
tugal,-4.0
tugas,-1.0
tuhan,3.0
tuhkan,-4.0
tuhmah,-3.0
tuil,-3.0
tuju,-0.5
tukang,-2.0
tukar,-1.0
tukas,-5.0
tulah,-3.0
tulang,-1.0
tular,-4.0
tulen,3.0
tuli,-3.0
tulup,-3.0
tulus,4.0
tumandang,-1.0
tumbang,-2.0
tumben,-2.0
tumbuk,-3.0
tumor,-4.0
tumpas,-4.0
tumpasan,-5.0
tumpat,-4.0
tumpu,-1.0
tumpuan,-0.5
tumpuk,-4.0
tumpul,-3.0
tumpur,-5.0
tun,-4.0
tunai,3.0
tunang,3.0
tunas,0.5
tunasusila,-5.0
tunduk,-2.0
tunggak,3.0
tunggakan,-4.0
tunggang,-1.0
tunggu,-0.5
tunggul,-3.0
tungkak,4.0
tungku,-4.0
tunjang,3.0
tunjangan,-3.0
tuntas,2.0
tuntun,0.5
tuntunan,-3.0
tuntut,-3.0
tupai,-5.0
turun,-1.0
turunan,-1.0
turut,-3.0
tusuk,-4.0
tutuk,3.0
tutup,-2.0
tutur,-0.5
tuyul,-4.0
typo,-2.0
typonya,-3.0
ua,-4.0
uar,-3.0
uar-uar,-3.0
uber,-3.0
ucap,-2.0
ucek,-3.0
uci-uci,-4.0
udahan,-4.0
udara,-4.0
udeh,-3.0
udi,-5.0
ugahari,3.0
ugal-ugalan,0.5
ugh,-4.0
ujar,-4.0
uji,1.0
ujian,1.0
ujung,-3.0
ukir,-5.0
ukur,3.0
ulah,-3.0
ulam-ulam,-5.0
ulama,3.0
ulasan,3.0
uler,-3.0
ulung,0.0
uluran,3.0
umat,3.0
umbar,-3.0
umbul-umbul,-3.0
umi,4.0
umpan,-3.0
umpat,-4.0
umpatan,-4.0
umum,1.0
umur,1.0
unam,-3.0
unda,3.0
undang,2.0
undangan,1.0
undian,-5.0
unek-unek,2.0
unfollow,-2.0
unggulan,5.0
ungkap,0.0
unit,-4.0
unjuk,-3.0
unmood,-3.0
unting,-5.0
untung,1.0
upa,2.0
upa-,4.0
upah,-1.0
upaya,-1.5
ura-ura,4.0
uraian,3.0
uras,-3.0
urgen,-4.0
uring-uringan,-5.0
urit,-3.0
urita,-3.0
urun,-4.0
urung,-5.0
urut-urutan,-4.0
usah,-5.0
usaha,-1.5
usai,0.5
usak,-3.0
usang,-5.0
usik,1.0
usikan,-2.0
usil,-3.0
usir,-4.0
usrek,-5.0
ustadz,3.0
ustazah,3.0
usul,-0.5
utang,-4.0
utas,4.0
utopia,2.0
uyuh,-3.0
vagina,-4.0
vak,3.0
vakansi,3.0
vakum,-3.0
validitas,-3.0
vampir,-5.0
varia,3.0
varian,-0.5
ventura,3.0
verbal,1.0
vibrasi,-3.0
vila,3.0
visi,2.0
vista,3.0
vital,-4.0
vitalitas,3.0
vote,1.0
voucher,3.0
vulgar,-3.0
wabah,-5.0
wacana,-3.0
wadak,3.0
waduh,0.0
waduk,-3.0
wafat,-2.0
wagu,4.0
wah,0.0
waham,-3.0
wahyu,4.0
wajar,-1.0
wajib,-2.0
walau,-3.0
wan,-4.0
wangi,4.0
wangsit,-3.0
wantah,3.0
wara,-3.0
wara-wara,-3.0
waras,-0.5
waris,0.5
warisan,3.0
warita,-4.0
warok,3.0
warta,-3.0
wasiat,4.0
wasit,-3.0
waspada,0.0
waswas,-3.0
watak,3.0
watu,-3.0
wawa,-3.0
wawancara,3.0
wedel,2.0
wedus,-3.0
week,-4.0
wejang,-3.0
wejangan,-3.0
wekel,4.0
welas,0.5
welcome,4.0
wewenang,2.0
why,-2.0
widita,4.0
widyaiswara,3.0
wiladah,3.0
wimana,-4.0
wirid,4.0
wisma,3.0
wkwkwk,3.0
wreda,-4.0
wujud,2.0
xx,-1.0
ya,4.0
yaaaa,1.0
yaahh,-3.0
yahhh,-3.0
yahud,4.0
yakali,-3.0
yakin,3.0
yalord,-2.0
yampun,-3.0
yamtuan,4.0
yang,-5.0
yank,2.0
yaoi,-5.0
yasalamualaika,3.0
yauda,-4.0
yaudah,-1.5
yaudahlah,-3.0
yaudh,-3.0
yelah,-3.0
yes,3.0
yodah,-2.0
yoga,1.0
yuk,4.0
yukk,4.0
yunior,-4.0
yuuk,4.0
yuwaraja,-4.0
zaim,3.0
zakar,-3.0
zakelek,4.0
zakiah,4.0
zalim,-5.0
zero,-3.0
ziarah,-4.0
zikir,4.0
zuhud,0.5
